Company Name,Description,Location,Start Date,End Date,Title
Association Montessori Internationale Schools,Instilled in children a love of learning and prepared them to seek knowledge on their own; gain independence; and explore the world around them.,Southern California,6/1970,6/1993,Educator
Kaplan Enterprises Designs by SILK,"Ever wonder how to understand your co-workers,friends, students, etc. Linda Kaplan's Lecture Series focuses on how you can utilize their expertise to solve problems in everyday life whether in business ,home, schools, etc. Kaplan Enterprises Designs By S.I.L.K. has  evolved in two aspects.
1.  Lending a helping hand.
2.  Inspiring others to be able to excell in their own endeavors.",714 396-4428,1/1985,,Owner
