First Name,Last Name,Companies,Title,Email Address,Phone Numbers,Created At
Herb,Barish,,,herbertbarish@gmail.com,,"12/13/12, 2:40 PM"
Cecilia,Gomez,,,cgomez@lacba.org,,"12/13/12, 2:40 PM"
Todd,Chamberlain,,,tchamberlain@murchisonlaw.com,,"12/13/12, 2:40 PM"
Dropbox,,,,no-reply@dropbox.com,,"12/13/12, 2:40 PM"
Jeffrey,Cohon,,,jcohon@cohonpollak.com,,"12/13/12, 2:40 PM"
Lana,Parks,,,crabbin@bellsouth.net,,"12/13/12, 2:40 PM"
ProductivityatWork,,Inc. Magazine,,productivityatwork@inc.com,,"12/13/12, 2:40 PM"
Batsheva,Chase,,,batsheva.chase@roberthalflegal.com,,"12/13/12, 2:40 PM"
Helen,Mesghina,,,mesghina@yahoo.com,,"12/13/12, 2:40 PM"
Cherie_Hamilton,,Millipore,,"cherie.hamilton@emdmillipore.com,cherie_hamilton@millipore.com",,"12/13/12, 2:40 PM"
rbennettgboba,,,,rbennettgboba@aol.com,,"12/13/12, 2:40 PM"
,,,,msctk@hotmail.com,,"12/13/12, 2:40 PM"
garyc,,,,garyc@provo.edu,,"12/13/12, 2:40 PM"
Michael,,,,soulballer4ever@yahoo.com,,"12/13/12, 2:40 PM"
Tina,Schnittger,,,"Tschnitt@its.jnj.com,tina.schnittger@gmail.com",,"12/13/12, 2:40 PM"
Facebook,,,,notification+kngrybwx@facebookmail.com,,"12/13/12, 2:40 PM"
,,Sallie Mae,,internet-bss@salliemae.com,,"12/13/12, 2:40 PM"
ella,aune,,,ellaaune@msn.com,,"12/13/12, 2:40 PM"
,,Monster.com,,route@monster.com,,"12/13/12, 2:40 PM"
Henry,Nicholls,,,hnicholls@cohonpollak.com,,"12/13/12, 2:40 PM"
David,James,,,"scribedave@hotmail.com,djames@pacific.edu",,"12/13/12, 2:40 PM"
mike,mccourt,,,mmmccourt@yahoo.com,,"12/13/12, 2:40 PM"
,,,,lawcareers@pacific.edu,,"12/13/12, 2:40 PM"
d.e.,castillo,,,decast@hotmail.com,,"12/13/12, 2:40 PM"
Janet,Fernandez,City of Sacramento,,jfernandez@pd.cityofsacramento.org,,"12/13/12, 2:40 PM"
,,,,"jennifer.williams@roberthalflegal.com,los.angeles@roberthalflegal.com",,"12/13/12, 2:40 PM"
jaune,,,,jaune@positivereturn.net,,"12/13/12, 2:40 PM"
Victor,Russo,,,russo@hmnlaw.com,,"12/13/12, 2:40 PM"
Jan,Aune,,,jaune@hatkofflaw.com,,"12/13/12, 2:40 PM"
Todd,Howell,,,thowell@tharpe-howell.com,,"12/13/12, 2:40 PM"
Jan,Aune,,,jaune_bahlaw@pacbell.net,,"12/13/12, 2:40 PM"
Jay,Christensen,,,"Jay.Christensen@CA-HEALTHLAW.com,jdc@ca-healthlaw.com",,"12/13/12, 2:40 PM"
Howard,Pollak,,,hpollak@cohonpollak.com,,"12/16/12, 4:45 PM"
Parini,Shroff,Littler Mendelson,,pshroff@littler.com,,"6/16/13, 7:46 AM"
Amanda,Lee,,,amandalee@coldwellbanker.com,,"6/16/13, 7:46 AM"
Sean,Anderson,,,janaune@sternatlaw.com,,"8/3/13, 5:16 PM"
Jack,Hamilton,,,jackhamilton12@gmail.com,,"9/26/15, 9:03 AM"
ella mae aune,,,,,,"9/26/15, 9:03 AM"
Cherie Hamilton,,,,,,"9/26/15, 9:03 AM"
Customer,Care,,,,611,"8/2/17, 8:14 PM"
glenn,Stern,,,,"1 626-841-1893, +13107384420","8/2/17, 8:14 PM"
411,More,,,,411,"8/2/17, 8:14 PM"
Greg,Manos,,,,1 951-454-0889,"8/2/17, 8:14 PM"
Matt,,,,, +19093316338,"8/2/17, 8:14 PM"
,,,,,(818) 219-7648,"8/2/17, 8:14 PM"
Voice,Mail,,,, +18056377243,"8/2/17, 8:14 PM"
Melissa,,,,,,"8/2/17, 8:14 PM"
Law Office Of,Stern,,,,"1 909-731-5921, 1 626-335-6844","8/2/17, 8:14 PM"
Robin,Banks,,,, +19513300785,"8/2/17, 8:14 PM"
Rodney,Tauvela,,,, +18083426093,"8/2/17, 8:14 PM"
Rebecca,Taylor,,,,1 626-236-6733,"8/2/17, 8:14 PM"
Fred Aune and Ella,Aune,,,,1 701-595-3274,"8/2/17, 8:14 PM"
Dani,Craig,,,,1 412-551-8478,"8/2/17, 8:14 PM"
Gill,Mariam,,,,626-421-0457,"8/5/17, 8:02 PM"
Pep,Boys,,,,878787,"8/5/17, 8:02 PM"
Jacquie,Torres,,,, +1 818-934-3129,"8/5/17, 8:02 PM"
Dolores,Larrabee,,,, +1 626-379-8877,"8/5/17, 8:02 PM"
Renee,Bailey,,,, +1 626-200-0674,"8/5/17, 8:02 PM"
Daniel,Boctor,,,, +1 213-284-0990,"8/5/17, 8:02 PM"
Alexander,Matt,,,,626-660-9847,"8/5/17, 8:02 PM"
Solomani,Arman,,,, +1 818-259-0065,"8/5/17, 8:02 PM"
Desoto,Nancy,,,,626-824-4101,"8/5/17, 8:02 PM"
Higa,Chris,,,,323-877-5756,"8/5/17, 8:02 PM"
Davidson,Bridget,,,,323-691-0191,"8/5/17, 8:02 PM"
Horvath,Betty,,,,626-969-4428,"8/5/17, 8:02 PM"
Cusomano,Justin,,,, +1 818-632-3554,"8/5/17, 8:02 PM"
Brett -,Figzgrrald,,,,206-602-3684,"8/5/17, 8:02 PM"
,,,,,332211,"8/5/17, 8:02 PM"
Begault,Durand,,,,415-470-5461,"8/5/17, 8:02 PM"
Jacobs,Noreen,,,,(818) 881-8703,"8/15/17, 1:59 PM"
Tomnsquare -,Garner,,,,1 319-493-3621,"8/15/17, 1:59 PM"
Avvo,,,,,1 206-436-0996,"8/15/17, 1:59 PM"
Discover,Card,,,,1 800-347-2683,"8/17/17, 11:36 AM"
Winjaya,Yyuni,,,yuni_iu@yahoo.com,1 626-251-3422,"8/17/17, 11:36 AM"
Voice,Mail,,,,,"8/20/17, 9:53 AM"
Legalzoom,,,,,1 866-679-1379,"8/28/17, 1:05 PM"
Charley-Baugus,Fern,,,,1 951-323-5466,"8/28/17, 1:05 PM"
Gilbert,Sanchez,,,,1 714-679-1286,"9/1/17, 9:48 PM"
Frias,Leslie,,,,1 951-434-7777,"9/1/17, 9:48 PM"
Bennett,Patricia,,,,1 949-903-4120,"9/1/17, 9:48 PM"
NELA,,,,,1 415-296-7629,"9/9/17, 10:13 AM"
Chen Anny B,A,,,,(626) 462-3750,"9/9/17, 10:13 AM"
Adobe,System,,,, +1 844-200-2305,"9/12/17, 10:13 AM"
Khashan,Michael,,,,"(928) 362-4002, (520) 354-0524","9/13/17, 8:44 PM"
Costco Citi,Card,,,,1 855-378-6467,"9/20/17, 7:32 PM"
Oddenino,Group,,,,1 626-447-5454,"9/20/17, 7:32 PM"
Lambert,Allison,,,,1 205-492-5550,"9/28/17, 4:26 PM"
Supercuts,Arcadia,,,,1 626-821-0820,"10/1/17, 8:15 PM"
CVS Pharmacy,Alameda,,,,1 818-563-2724,"10/1/17, 8:15 PM"
Monti,John,,,,1 909-534-5202,"10/4/17, 9:33 PM"
Tang,Susan,,,,1 626-864-3330,"10/4/17, 9:33 PM"
Carvajal,Rhoda,,,,1 323-474-4402,"10/4/17, 9:33 PM"
Alvin,Lewis,,,,1 818-846-0600,"10/5/17, 9:35 AM"
Chacon,Endie,,,,1 909-534-5202,"10/6/17, 1:24 PM"
USDC Riverside -,Galvez,,,,1 951-328-2254,"10/14/17, 8:32 PM"
Oddenino,Michael,,,,1 626-372-6043,"10/14/17, 8:32 PM"
Golds Gym,Gym,,,,1 818-349-0123,"10/19/17, 8:42 AM"
Parinelaw,Oz,,,,1 310-592-3575,"10/25/17, 8:28 PM"
Sou Kimberly,Tressler,,,,1 310-203-4800,"10/25/17, 8:28 PM"
Monti,John,,,,1 323-474-4402,"11/3/17, 3:04 PM"
Simi,PC,,,,1 661-802-2641,"11/8/17, 2:34 PM"
Danitza,,,,,1 213-978-7858,"11/16/17, 7:42 PM"
Lee,Daniel,,,,1 818-933-1430,"11/17/17, 9:06 PM"
Hughes Rebecca -,Central,,,,1 651-687-7000,"11/17/17, 9:06 PM"
Cha,Robert,,,,1 213-507-4746,"11/17/17, 9:06 PM"
Officer People,White,,,,1 310-703-2947,"11/24/17, 11:20 AM"
Webindato,Josh,,,,1 951-552-0664,"11/26/17, 10:11 AM"
Yelp,Frazier,,,,1 623-900-4567,"11/30/17, 10:22 AM"
Bradshaw Kristi - Ar,Commrrce,,,,1 909-921-2936,"11/30/17, 10:22 AM"
American Arbitration,Office,,,,1 877-528-0880,"12/2/17, 8:22 AM"
Crayne, -AAA,,,daphnecrayne@adr.org,(559) 490-1914,"12/2/17, 8:22 AM"
Hart,Spencer,,,, +1 310-721-4284,"12/4/17, 9:02 AM"
Holm,PC,,,,1 310-755-0798,"12/5/17, 8:29 AM"
Khobragade,PC,,,,1 415-967-9541,"12/5/17, 8:29 AM"
Robles,Paula,,,,1 909-743-3204,"12/18/17, 8:56 PM"
Carrera,Dawn,,,,1 626-941-6505,"12/18/17, 8:56 PM"
Haro,Anel,,,,1 310-808-7864,"12/18/17, 8:56 PM"
Granadis,PC,,,,1 626-391-5139,"12/28/17, 7:01 PM"
Carrera,Dave,,,,1 909-743-32,"12/31/17, 2:01 PM"
Carrera,Dave,,,,626-692-2214,"12/31/17, 2:01 PM"
Cherie,Hamilton,,,, +16509486073,"1/4/18, 8:00 PM"
ella,aune,,,, +17012581470,"1/4/18, 8:00 PM"
ella,aune,,,, +17015953274,"1/4/18, 8:00 PM"
Townsquare -,Walker,,,,1 704-665-0652,"1/4/18, 8:00 PM"
Sagomosa,Andrew,,,,(562) 867-1053,"1/8/18, 8:08 AM"
Cal State Bar,Hotline,,,,1 800-238-4427,"1/11/18, 5:47 PM"
Lillie,Dave,,,,1 626-836-2996,"1/11/18, 5:47 PM"
Beck Melody.,Wijaya,,,,1 626-347-8792,"1/11/18, 5:47 PM"
Fettig,ManTech,,,,1 818-427-3003,"1/16/18, 9:48 AM"
Lu,Mery,,,,1 626-423-8169,"1/16/18, 9:48 AM"
CVS - San,Blvd,,,,(818) 841-0810,"1/22/18, 8:09 AM"
Aune,Fred,,,,1 701-595-3274,"2/3/18, 8:50 AM"
Bloomberg,Law,,,,1 714-365-2857,"2/7/18, 1:01 PM"
