Name,Description,Position,Start Date,End Date
California State Bar,,Member,2005,
"United States District Court, Central District of California",,Member,2010,
Los Angeles County Bar Association Trial Attorney Inn of Court,,Member,2010,2011
Los Angeles County Bar Association,,Member,2005,2010
Los Angeles County Bar Association - Litigation Section,,Member,2009,2010
Consumer Attorneys Association of Los Angeles,,Member,2007,2008
Los Angeles County Bar Association Trial Advocacy Project,"Since September 2014 I have been serving as a Volunteer Prosecutor at the Pacific Branch of the Los Angeles City Attorney's Office.

In November 2012 I Completed the Los Angeles County Bar Association's (LACBA) Traditional Trial Advocacy Project (""Traditional TAP"") and qualified as volunteer prosecutor for the LACBA TAP.  The Traditional TAP session began on September 20, 2012 and ended on November 1, 2012.  I was assigned as a Volunteer Prosecutor to the Burbank City Attorney's Office in November 2012. 

The  Traditional TAP program is a unique, two-part course where attorneys receive comprehensive, in-depth trial advocacy training an actual trial experience.  Upon completion of Traditional TAP, attorneys have the opportunity to try criminal misdemeanor jury trials as volunteer prosecutors for prosecutorial agencies statewide.
",Volunteer Prosecutor,Sep 2012,
California Employment Lawyers Association (CELA),,Member,Nov 2015,
National Employment Lawyers Association (NELA),,Member,Dec 2016,
Los Angeles County Bar Association (LACBA) Trial Advocacy Project (TAP),"Upon the start of the Los Angeles County Bar Association (LACBA) Trial Advocacy Project's (TAP) practicum I will serve as a pro bono (volunteer) prosecutor through the Los Angeles City Attorney's Office to try misdemeanor criminal jury trials at the Clara Shortridge Foltz Criminal  Justice Center located at 210 West Temple Street, Los Angeles, CA 90012.",Pro Bono Prosecutor,Dec 2016,
