First Name,Last Name,Maiden Name,Address,Birth Date,Contact Instructions,Marital Status,Headline,Summary,Industry,Country,Zip Code,Geo Location,Twitter Handles,Websites,Instant Messengers
Jan T.,Aune,,"The Law Office of Jan T. Aune
444 E. Huntington Dr. , Ste. 325
Arcadia, CA  91006","Apr 11, 2016",,,Attorney and Owner of The Law Office of Jan T. Aune,"Providing high quality, cost-effective representation in a respectful manner in the following practice areas:

PRACTICE AREA: EMPLOYMENT & LABOR 

Representing employers and employees in employment matters involving:

•	Discrimination 
	Age Discrimination
	Disability Discrimination
	Gender/Sex Discrimination
	Race Discrimination
	Religious Discrimination

•	Discrimination based upon color or national origin

•	Wrongful Termination

•	Retaliation

•	Harassment 
	Racial Harassment
	Sexual Harassment
	Religious Harassment

•	Wage and Hour Disputes
	Overtime Pay 
	Meal Breaks and Rest Breaks
	Record Keeping and Pay Stubs 

•	Unfair Business Practices, Unfair Competition Law, California Business and Professions Code Section 17200 et seq.

•	Handling cases across the entire spectrum of disputes
	Litigation and Trial 
	Alternative Dispute Resolution
	Arbitration
	Regulatory and administrative 
	Appellate 
____________________________________________________________________________

PRACTICE AREA: CONTRACTS AND BUSINESS LITIGATION
Representing plaintiffs and defendant in litigation involving:

•	Breach of Contract

•	Business collection actions and disputes

•	Unfair Competition Law, California Business and Professions Code Section 17200 et seq.

PLEASE NOTE: Recommendations or endorsements appearing in this profile do not constitute guarantees, warranties, or predictions concerning the outcome of your legal matter.",Legal Services,United States,91501,"Burbank, California",janaune1,"COMPANY:www.aunelaw.com, PERSONAL:avvo.com/attorneys/90067-ca-jan-aune-37981.html?ref=header, COMPANY:exchange.nela.org/network/members/profile",
