Title,Description,Url,Start Date,End Date
Los Angeles County Bar Association's Trial Advocacy Project's (TAP) Traditional Program,"On December 15, 2016, completed the Los Angeles County Bar Association's (LACBA) Trial Advocacy Project's (TAP) Traditional Program (t-TAP).  Assigned to serve as a volunteer prosecutor through the Los Angeles Office of the City Attorney to conduct jury trials at the Clara Shortridge Foltz Criminal  Justice Center located at 210 West Temple Street, Los Angeles, CA 90012.
The t-TAP course consisted of thirteen (13) classes totaling forty-four (44) continuing legal education (CLE) credits in the state of California. Participants completed three (3) mock criminal trials.",,Dec 2016,
"Completed California Fair Employment and Housing (FEHA) Disability Discrimination Case - United States District Court, Central District of California","Date: July 8, 2016

Completed civil rights case for disability discrimination in employment and wrongful termination based upon disability discrimination under California Government Code, Title 2, Division 3, Part 2.8, the California Fair Employment and Housing Act,  (FEHA). We represented the employee, Grace Batugo. The case took place in the United States District Court, Central District of California (Federal court case number 2:15-cv-08615-GW-JC), and the Los Angeles Superior Court (State court case number BC585807).

The case was removed to Federal Court from State Court.

Federal Court: United States District Court, Central District of 
California
Judge: The Honorable George H. Wu 

State Court: Los Angeles Superior Court - Stanley Mosk 
Courthouse 
Judge: The Honorable Elizabeth R. Feffer",,Jul 2016,
Completed Criminal Jury Trial Through the Los Angeles County Bar Association's (LACBA) Trial Advocacy Project (TAP) - Los Angeles Superior Court - Airport Courthouse,"Completed four (4) day criminal jury trial as a pro bono  publico (volunteer) prosecutor for the Los Angeles City Attorney's Office Pacific Branch through the Los Angeles County Bar Association's (LACBA) Trial Advocacy Project (TAP).

Court:        Los Angeles Superior Court
                 Airport Courthouse
                 11701 S. La Cienega Blvd.
                  Los Angeles, CA 90045
Judge:        Hon. Yvette Verastegui presiding.
Dates:        June 21, 22, 23 and 24, 2016

Defendant was charged with Grand Theft and Petty Theft.  Incident occurred at a Transportation Security Administration (TSA) Passenger Screening area at the Los Angeles International Airport (LAX).  The arrest was made by the LAX Police.  After the People completed their case-in-chief the Court granted the Los Angeles City Public Defender's Office's California Penal Code section 1118.1 motion to dismiss for insufficient evidence based upon the arguments of the Court and the Public Defender's Office. The People vehemently opposed the motion..  The Court held that their was  not sufficient evidence to show that the defendant had the specific intent to commit the theft. 

",,Jun 2016,
"CASE SETTLEMENT: $225,000,00 Krapivkin v. LB Property Management et al.","May 31, 2016
CASE SETTLEMENT: $225,000.00.
Krapivkin v. LB Property Management et al. 
Case No. LC096466
Los Angeles Superior Court
Van Nuys Courthouse West
The Honorable Lawrence P. Riff.
Nuisance and negligence case against seven defendants.  Settled with defendants Carrier Corporation, California Dynamics and Cannon Fabrication for $225,000.00.
Case was regarding noise and vibration caused by a 7,700 HVAC unit installed over clients' condominium in Encino California",,May 2016,
"Settled Wrongful Termination Case for $250,000.00 - Case No. CIVRS 1013240 - San Bernardino County Superior Court","Cunninham v. City of Montclair
Case Number CIVRS 1013240
Represented plaintiff in wrongful termination case based upon California Fair Employment and Housing Act (FEHA) civil rights claims of age discrimination and age discrimination. Plaintiff was a police officer for the City of Montclair Police Department. ",https://www.facebook.com/Jan-T-Aune-Esq-The-Law-Office-of-Glenn-E-Stern-643053222434988/?ref=bookmarks,Feb 2016,
Los Angeles County Bar Association (LACBA) - Trial Advocacy Project (TAP),"Completed Introductory Trial Advocacy Project (i-TAP) Program.
Completed The Los Angeles County Bar Association (LACBA) and Trial Advocacy Group's (TAG) three week Introductory Trial Advocacy Program (i-TAP).   Completed a mock criminal driving under the influence trial as the prosecution representing the People of the State of California.",,Jan 2016,
"Case Settlement: $50,000.00 -  Ron Foster v. The Salvation Army et al.","Mr. Foster sued his employer, The Salvation Army, in  a civil rights case in the United States District Court, Central District of California (Federal court case number 2:14-CV-3267-MWF-JCGX), and the Los Angeles Superior Court (State court case number BC486122), for race discrimination in employment under Title 42 United States Code (U.S.C.) Section 1981 of the Civil Rights Act of 1866.  Mr. Foster also had race discrimination claim under Article I, Section 8 of the California Constitution.",,Jun 2015,
"Employment Civil Rights Race Discrimination Case Completed: Bridget Davidson v. The Salvation Army, et al.","Bridget Davidson sued her employer, The Salvation Army, in a civil rights case in the United States District Court, Central District of California (Federal court case number 2:14-CV-3267-MWF-JCGX), and the Los Angeles Superior Court (State court case number BC486122), for race discrimination in employment under Title 42 United States Code (U.S.C.) Section 1981 of the Civil Rights Act of 1866.  Mrs. Davidson also had a hostile work environment claim under U.S.C. Section 1981 and race and gender discrimination claims under Article I, Section 8 of the California Constitution.

At the completion of the case a Notice of Settlement of Case was filed with the United States District Court, Central District of California. ",,Sep 2015,
"Employment Civil Rights Race Discrimination Case Completed: Robert Wallace v. The Salvation Army, et al.","Robert Wallace sued his employer, The Salvation Army, in a civil rights case in the United States District Court, Central District of California (Federal court case number 2:14-CV-3267-MWF-JCGX), and the Los Angeles Superior Court (State court case number BC486122), for race discrimination in employment under Title 42 United States Code (U.S.C.) Section 1981 of the Civil Rights Act of 1866.  Mr. Wallace also had claims under U.S.C. Section 1981 for wrongful termination and hostile work environment and race discrimination under Article I, Section 8 of the California Constitution.

At the completion of the case a Notice of Settlement was filed in the United States District Court, Central District of California.",,Sep 2015,
Obtained Bench Trial Verdict - Case No. KC066883 - Pomona Courthouse,"Completed one-day Court Trial as first chair trial attorney and obtained verdict for Plaintiff for Conversion and Waste.  The Court also awarded punitive damages for Conversion.  The case involved litigation over Trust property, including a residential property which is owned by the Trust.",,May 2015,
Los Angeles County Bar Association - Trial Advocacy Project (TAP)  Completed Criminal Jury Trial,"Los Angeles County Bar Association   
Traditional Trial Advocacy Project 
Volunteer Prosecutor for Los Angeles City Attorney's Office
In March 2015 Completed two-day criminal jury trial as volunteer prosecutor for the for the Los Angeles City Attorney's Office Pacific Branch.  Trial took place at the Airport Courthouse.

Completed LACBA Traditional Trial Advocacy Project (""Traditional TAP"") and qualified as volunteer prosecutor for the LACBA TAP.  The  Traditional TAP program is a unique, two-part course where attorneys receive comprehensive, in-depth trial advocacy training an actual trial experience.  Upon completion of Traditional TAP, attorneys have the opportunity to try criminal misdemeanor jury trials as volunteer prosecutors for prosecutorial agencies statewide.

",,Mar 2015,
LACBA Trial Advocacy Project (TAP) Practicum at Los Angeles City Attorney's Office - Obtained Jury Verdict of Guilty as Pro Bono Prosecutor,"TAP Practicum Date: February 6, 2017 to February 21, 2017
Jury Trial Dates: February 14, 2017 - February 16, 2017.

Obtained a jury verdict of Guilty for the crime of Violation of Court Order - Protective Order or Stay Away Order (Penal Code Section 166(c)(1)) as a volunteer prosecutor for the Los Angeles City Attorney's Office through the Los Angeles County Bar Association Trial Advocacy Project. 

Case Name: The People of the State of California v. Pazos.
Case No:       7CJ01746
Court:            Clara Shortridge Foltz Criminal Justice Center 
                         Los Angeles Superior Court
Judge:           Hon. Deborah S. Brazil

Completed three (3) day Criminal Jury Trial as a Pro Bono Prosecutor for the Los Angeles City Attorney's Office through the Los Angeles County Bar Association's (LACBA) Trial Advocacy Project (TAP).  The Defendant was represented by the Los Angeles County Public Defender.

The jury returned a verdict of guilty  for the charge of Violation of Court Order - Protective Order or Stay Away Order (California Penal Code Section 166(c)(1)).

Defendant and Victim have one child together.  A Criminal Protective Order-Domestic Violence was issued on March 29, 2016 as a result of Defendant's 2016 conviction in a domestic violence case.  On January 11, 2017, Defendant went to the Victim's home and violated the Criminal Protective Order-Domestic Violence by coming within one-hundred (100) yards of the Victim.  

The People's Complaint also contained the charge of Trespass:Entry Into Dwelling (California Penal Code Section 602.5).  However, the Victim did not appear at the trial to testify and The People had to dismiss the charge as a result.",,Feb 2017,
