First Name,Last Name,Companies,Title,Email Address,Phone Numbers,Created At,Instant Message Handles,Addresses,Sites
,,,,Suzanne@rjtcompuquest.com,,"12/27/11, 10:33 AM",,,
,,,,ccohan@newregency.com,,"12/27/11, 10:33 AM",,,
,,,,Thoang@newregency.com,,"12/27/11, 10:33 AM",,,
,,,,dmitriy_pindrik@countrywide.com,,"12/27/11, 10:33 AM",,,
,,,,recruiting@moelis.com,,"12/27/11, 10:33 AM",,,
,,,,rohit@rotohog.com,,"12/27/11, 10:33 AM",,,
,,,,Ed_Bonsey@partner.nps.gov,,"12/27/11, 10:33 AM",,,
,,,,kmarquez@omnicap.net,,"12/27/11, 10:33 AM",,,
Kopitzke,CA),,,Jonathan_Kopitzke@ml.com,,"12/27/11, 10:33 AM",,,
,,,,careers@ucgsolutions.com,,"12/27/11, 10:33 AM",,,
,,,,hr@wilshire.com,,"12/27/11, 10:33 AM",,,
,,,,afsoun@globalshield.com,,"12/27/11, 10:33 AM",,,
,,,,sean@globalshieldsecurityinc.com,,"12/27/11, 10:33 AM",,,
,,,,HaikBartoumian@friedmanlawoffices.com,,"12/27/11, 10:33 AM",,,
Haik,Bartoumian,,,haik@friedmanlawoffices.com,,"12/27/11, 10:33 AM",,,
,,,,afsoun@globalshieldsecurityinc.com,,"12/27/11, 10:33 AM",,,
,,,,Yani.Segoro@laserfiche.com,,"12/27/11, 10:33 AM",,,
,,,,yeni.segoro@laserfiche.com,,"12/27/11, 10:33 AM",,,
,,,,usjobs@mdsl.com,,"12/27/11, 10:33 AM",,,
,,,,zabi@globalshieldsecurityinc.com,,"12/27/11, 10:33 AM",,,
Haseena,Qudrat,,,haseena@globalshieldsecurityinc.com,,"12/27/11, 10:33 AM",,,
,,,,melliot@ecosafeusa.com,,"12/27/11, 10:33 AM",,,
,,,,sandrau@prpllc.com,,"12/27/11, 10:33 AM",,,
,,,,rszymanski@eclipselaw.com,,"12/27/11, 10:33 AM",,,
,,,,jeanine@alwaysbethere.com,,"12/27/11, 10:33 AM",,,
,,,,sl1119@yahoo.com,,"12/27/11, 10:33 AM",,,
,herb,,,Herb@verifi.com,,"12/27/11, 10:33 AM",,,
,,,,careers@teamtaggroup.com,,"12/27/11, 10:33 AM",,,
,,,,sma@lucescurealty.com,,"12/27/11, 10:33 AM",,,
,,,,jobs@bovitzresearchgroup.com,,"12/27/11, 10:33 AM",,,
,,,,paul.salce@unisys.com,,"12/27/11, 10:33 AM",,,
Michael,Flynn,,,mflynn@collegeloan.com,,"12/27/11, 10:33 AM",,,
,,,,davidabdelgawad@hotmail.com,,"12/27/11, 10:33 AM",,,
,,,,CGroeneveld@ccsglobaltech.com,,"12/27/11, 10:33 AM",,,
,,,,stanleymreed@yahoo.com,,"12/27/11, 10:33 AM",,,
,,,,stanleymreeb@yahoo.com,,"12/27/11, 10:33 AM",,,
,,,,rpsweitzer@verizon.net,,"12/27/11, 10:33 AM",,,
,,,,unegrillo@yahoo.com,,"12/27/11, 10:33 AM",,,
,,,,jcmoyao@yahoo.com,,"12/27/11, 10:33 AM",,,
Bruce,G,,,i_8dacat@yahoo.com,,"12/27/11, 10:33 AM",,,
,,,,Jobs@tiyptelematics.com,,"12/27/11, 10:33 AM",,,
,,,,job-534644203@craigslist.org,,"12/27/11, 10:33 AM",,,
,,,,jstark@hcg.com,,"12/27/11, 10:33 AM",,,
,,,,job-551861240@craigslist.org,,"12/27/11, 10:33 AM",,,
Miles,Jillian,,,Jillian.Miles@pepperdine.edu,,"12/27/11, 10:33 AM",,,
,,,,PKhurana@ccsglobaltech.com,,"12/27/11, 10:33 AM",,,
Pankaj,Khurana,,,PKhurana@ccsincus.com,,"12/27/11, 10:33 AM",,,
,,,,haley@woome.net,,"12/27/11, 10:33 AM",,,
,,,,jobs@greendot.org,,"12/27/11, 10:33 AM",,,
,jobs@opensourceteaching.org,,,jobs@opensourceteaching.org,,"12/27/11, 10:33 AM",,,
,,,,m1234blue@yahoo.com,,"4/23/13, 8:32 PM",,,
Karlan,Hall,,,"karlan@attorneyprod.com,karlanhall33@gmail.com",,"4/23/13, 8:32 PM",,,
,,,,withem@rosenthalzeff.com,,"4/23/13, 8:32 PM",,,
Tim,Ceperley,,,tceperley@afrct.com,,"4/23/13, 8:32 PM",,,
James,Hulette,,,jim.hulette@gmail.com,,"4/23/13, 8:32 PM",,,
Linda,Tarwater,,,ljt@severson.com,,"4/23/13, 8:32 PM",,,
,,,,jim@attorneyprod.com,,"4/23/13, 8:32 PM",,,
,,,,kcole@victormedical.com,,"4/23/13, 8:32 PM",,,
,,,,terence.kilpatrick@hotmail.com,,"4/23/13, 8:32 PM",,,
,,,,soyariz26@gmail.com,,"4/23/13, 8:32 PM",,,
,,,,Natalie.Garry@wellsfargo.com,,"4/23/13, 8:32 PM",,,
,,,,olgaleyman@yahoo.com,,"4/23/13, 8:32 PM",,,
,,,,betty@rishwainlaw.com,,"4/23/13, 8:32 PM",,,
,,,,djohnsca@aol.com,,"4/23/13, 8:32 PM",,,
David,Session,,,sessiond@dslextreme.com,,"4/23/13, 8:32 PM",,,
Suzanne,Hankins,,,smh@severson.com,,"4/23/13, 8:32 PM",,,
,,,,jill.weeldreyer@akerman.com,,"4/23/13, 8:32 PM",,,
,,,,Corpinfo@sos.state.tx.us,,"4/23/13, 8:32 PM",,,
,,,,jtrishwain@aol.com,,"4/23/13, 8:32 PM",,,
Cristina,Jehle,,,"Cristina@attorneyprod.com,cristina.jehle@gmail.com",,"4/23/13, 8:32 PM",,,
,,,,marquesPrass@bayviewloanservicing.com,,"4/23/13, 8:32 PM",,,
Loren,Coe,,,lwc@severson.com,,"4/23/13, 8:32 PM",,,
,,,,mkmraz97@aol.com,,"4/23/13, 8:32 PM",,,
Jarlath,Curran,,,jmc@severson.com,,"4/23/13, 8:32 PM",,,
,,,,marquesPrass@bayview.com,,"4/23/13, 8:32 PM",,,
,,,,chrisbenson89@gmail.com,,"4/23/13, 8:32 PM",,,
,,,,nstahl81@gmail.com,,"4/23/13, 8:32 PM",,,
Kerri,Finch,,,kaf@severson.com,,"4/23/13, 8:32 PM",,,
,,,,Karen@nps-law.com,,"4/23/13, 8:32 PM",,,
,Jkleine@steveandbarrys.com,,,Jkleine@steveandbarrys.com,,"1/9/08, 5:00 PM",,,
,Shermanoaks@appleone.com,,,shermanoaks@appleone.com,,"1/9/08, 5:00 PM",,,
Atamian,Angeles),,,satamian@deloitte.com,,"1/9/08, 5:00 PM",,,
,4710061.6@jobfrenzy1.com,,,4710061.6@jobfrenzy1.com,,"1/9/08, 5:00 PM",,,
,,,,f2t9r-3647455886@job.craigslist.org,,"3/26/13, 3:21 PM",,,
,Stella,,,,(310) 204-4995,"3/26/13, 3:21 PM",,,
,,,,gzk39-3585729852@job.craigslist.org,,"3/26/13, 3:21 PM",,,
Lora,Vernik,,,,3239440771,"3/26/13, 3:21 PM",,,
,Lusine,,Accountant,,8182633478,"3/26/13, 3:21 PM",,,
,,,,jthomas@americansolardirect.com,,"3/26/13, 3:21 PM",,,
,,,,DAVID@spivaklaw.com,,"3/26/13, 3:21 PM",,,
,Gal,,,Gal@navigaya.com,,"3/26/13, 3:21 PM",,,
,,,,wvjsf-3652742241@job.craigslist.org,,"3/26/13, 3:21 PM",,,
Rick,Fiege,,,"rick@attorneyprod.com,epochcomm@gmail.com",,"3/26/13, 3:21 PM",,,
,,,,pyunchi@kellylawregistry.com,,"3/26/13, 3:21 PM",,,
,,,,pndn4-3598333071@job.craigslist.org,,"3/26/13, 3:21 PM",,,
Levon,Gavalian,,,,8186050595,"3/26/13, 3:21 PM",,,
,,,,xn97t-3656897411@job.craigslist.org,,"3/26/13, 3:21 PM",,,
Law,Hill,,,"george@attorneyprod.com,lawofficegmh@gmail.com",,"3/26/13, 3:21 PM",,,
alfonso,pulido,,,alfonsoapulido@yahoo.com,,"3/26/13, 3:21 PM",,,
Simon,Shamoun,,,shop@tarzanawines.com,,"3/26/13, 3:21 PM",,,
Yanky,Kahn,,,Yanky@chabadofthevalley.com,,"3/26/13, 3:21 PM",,,
Baker,Jeffrey,,,Jeffrey.Baker@bmwofbeverlyhills.com,,"3/26/13, 3:21 PM",,,
,,,,KasiaFaughn@aol.com,,"3/26/13, 3:21 PM",,,
Robert,Lind,,,rlind@swlaw.edu,,"3/26/13, 3:21 PM",,,
Carl,Knapp,,,,9518337684,"3/26/13, 3:21 PM",,,
,,,,lclaery@claerygreen.com,,"3/26/13, 3:21 PM",,,
,,,,gdayu2002@yahoo.com,,"3/26/13, 3:21 PM",,,
,Cortni,,,cortnijoyner@gmail.com,6178235282,"3/26/13, 3:21 PM",,,
,,,,Kevinn.Villard@mto.com,,"3/26/13, 3:21 PM",,,
,Isaac,,,,(818) 822-6027,"3/26/13, 3:21 PM",,,
Ilya,PhD,,,irachman99@yahoo.com,,"3/26/13, 3:21 PM",,,
,,,,ydyachenko@swlaw.edu,,"3/26/13, 3:21 PM",,,
,,,,gor@lalawteam.com,,"3/26/13, 3:21 PM",,,
Evgebi,Kernis,,,,13108016150,"3/26/13, 3:21 PM",,,
,,,,sev.simonian@gmail.com,,"3/26/13, 3:21 PM",,,
,,,,hakhverdyan2@yahoo.com,,"3/26/13, 3:21 PM",,,
Janna,Petoyan,,Executive Assistant,,(818) 568-9926,"3/26/13, 3:21 PM",,,
,,,,kmagtaas@gibsondunn.com,,"3/26/13, 3:21 PM",,,
Maslan,(00290),,,brandon.maslan@roberthalflegal.com,,"3/26/13, 3:21 PM",,,
Dmitry,Uchitel,,,duchitel1@gmail.com,,"3/26/13, 3:21 PM",,,
Marco,Godoy,,,,8182842233,"3/26/13, 3:21 PM",,,
Gleb,Docs),,,svetogleb@gmail.com,,"3/26/13, 3:21 PM",,,
,,,,tvillaluz@wirelesscapital.com,,"3/26/13, 3:21 PM",,,
Kris,Karaian,,,kkaraian@gmail.com,8184459760,"3/26/13, 3:21 PM",,,
,,,,kx7vm-3580018031@job.craigslist.org,,"3/26/13, 3:21 PM",,,
,,,,gkapurlaw@yahoo.com,,"3/26/13, 3:21 PM",,,
,,,,k6dct-3587475626@job.craigslist.org,,"3/26/13, 3:21 PM",,,
Personal,Injury,,,pidepartment1@gmail.com,,"3/26/13, 3:21 PM",,,
,,,,scifidoc@mac.com,,"3/26/13, 3:21 PM",,,
Marat,Shpolyansky,,,,"(818) 787-1080, (323) 363-4153","3/26/13, 3:21 PM",,,
Candy,Lau,,,,18056806456,"3/26/13, 3:21 PM",,,
,,,,ccattyresumes@omm.com,,"3/26/13, 3:21 PM",,,
,,,,careers@lfjpc.com,,"3/26/13, 3:21 PM",,,
Raymond,Ahn,,,ray.js.ahn@gmail.com,,"3/26/13, 3:21 PM",,,
,,,,wxdvf-3651995466@job.craigslist.org,,"3/26/13, 3:21 PM",,,
,,,,mail@bizzy-box.com,,"3/26/13, 3:21 PM",,,
,,,,grotkop@rslateslaw.com,,"3/26/13, 3:21 PM",,,
Ilana,Plotkin,,,ilanaplotkin16@gmail.com,,"3/26/13, 3:21 PM",,,
,,,,job-2t454-2801492521@craigslist.org,,"3/26/13, 3:21 PM",,,
,,,,dbruder@rslateslaw.com,,"3/26/13, 3:21 PM",,,
Lauria,(00320),,,nico.lauria@roberthalflegal.com,,"3/26/13, 3:21 PM",,,
Christiana,Leucas,,,christiana.leucas@gmail.com,,"3/26/13, 3:21 PM",,,
,,,,2qrcc-3580722413@job.craigslist.org,,"3/26/13, 3:21 PM",,,
,,,,Customerrelations@princesscruise.com,,"3/26/13, 3:21 PM",,,
,,,,scastellon@pacificipa.com,,"3/26/13, 3:21 PM",,,
,,,,mjacobs@jacobsfamilylaw.com,,"3/26/13, 3:21 PM",,,
,,,,ahennessee@mccarthyholthus.com,,"3/26/13, 3:21 PM",,,
Janna,Petoyan,,,janna@usatv.com,,"3/26/13, 3:21 PM",,,
,,,,czj9j-3643413397@job.craigslist.org,,"3/26/13, 3:21 PM",,,
,,,,sxbgm-3585543122@job.craigslist.org,,"3/26/13, 3:21 PM",,,
Eddi,Lopez,,,eddielopez2485@yahoo.com,,"12/27/11, 10:33 AM",,,
,,,,execthw@ou.org,,"12/27/11, 10:33 AM",,,
,,,,svetlanaaverbukh@gmail.com,,"12/27/11, 10:33 AM",,,
,,,,job-rm6re-2586679018@craigslist.org,,"12/27/11, 10:33 AM",,,
,,,,scott.wilson@thomsonreuters.com,,"12/27/11, 10:33 AM",,,
,,,,job-7yjwq-2607301273@craigslist.org,,"12/27/11, 10:33 AM",,,
,,,,wgrimes@swlaw.edu,,"12/27/11, 10:33 AM",,,
,,,,aakopova@swlaw.edu,,"12/27/11, 10:33 AM",,,
,,,,job-th28g-2594130134@craigslist.org,,"12/27/11, 10:33 AM",,,
Danielle,Hart,,,dhart@swlaw.edu,,"12/27/11, 10:33 AM",,,
Ian,Hong,,,usana_ian@yahoo.com,,"12/27/11, 10:33 AM",,,
,,,,ann.budnikova@me.com,,"12/27/11, 10:33 AM",,,
,,,,cdeclue@gmail.com,,"12/27/11, 10:33 AM",,,
,,,,job-afyzj-2642468158@craigslist.org,,"12/27/11, 10:33 AM",,,
,,,,bhlaw433@gmail.com,,"12/27/11, 10:33 AM",,,
scott,jankowski,,,scott.tort@gmail.com,,"12/27/11, 10:33 AM",,,
,,,,matchup@matchup.org,,"12/27/11, 10:33 AM",,,
Юрий,Бобровский,,,u_bobrovskiy@ukr.net,,"12/24/11, 11:47 AM",,,
Киперник,Михаил,,,mkipernik@gmx.de,,"12/24/11, 11:47 AM",,,
Екатерина,Момот,,,mamotenok@ukr.net,,"12/24/11, 11:47 AM",,,
Yura,Borodulin,,,yborodulin@aol.co.uk,,"12/24/11, 11:47 AM",,,
yakov,,,,yakovs@sbcglobal.net,,"12/24/11, 11:47 AM",,,
tolik,nitsa,,,agmnitsa1@comcast.com,,"12/24/11, 11:47 AM",,,
tolik,nitsa,,,agmnitsa1@comcast.net,,"12/24/11, 11:47 AM",,,
Steven M,Kirshbaum,,,smkhomes@gmail.com,,"12/24/11, 11:47 AM",,,
Stas,,,,spstas@sbcglobal.net,,"12/24/11, 11:47 AM",,,
,,,,slava1.g@gmail.com,,"12/24/11, 11:47 AM",,,
sergey,,,,emailsergey@cox.net,,"12/24/11, 11:47 AM",,,
Sergei,,,,sergey123_g@yahoo.com,,"12/24/11, 11:47 AM",,,
Serg(alt),,,,scherepa@parkway.com,,"12/24/11, 11:47 AM",,,
Serg,,,,chernom@optonline.net,,"12/24/11, 11:47 AM",,,
sana,,,,sophia_kamen@yahoo.com,,"12/24/11, 11:47 AM",,,
Rob H,,,,vanzelstr@gmail.com,,"12/24/11, 11:47 AM",,,
Rob A,,,,Rob.vanZelst@amway.com,,"12/24/11, 11:47 AM",,,
POLINA,TRAVEL,,,agency.email.unknown@sabre.com,,"12/24/11, 11:47 AM",,,
POLINA,EVZEROVA,,,polinatravel@hotmail.com,,"12/24/11, 11:47 AM",,,
PIbgIi,,,,ff@interchem.com.ua,,"12/24/11, 11:47 AM",,,
,,,,mkitsis@yahoo.com,,"12/24/11, 11:47 AM",,,
Michael,,,,gormakh@sbcglobal.net,,"12/24/11, 11:47 AM",,,
,,,,lvr.1@netzero.net,,"12/24/11, 11:47 AM",,,
ludka,,,,luda.tu1@gmail.com,,"12/24/11, 11:47 AM",,,
Ludka,,,,l_tukan@incon.ua,,"12/24/11, 11:47 AM",,,
lora,vernik,,,lauraofbeverlyhills@gmail.com,,"12/24/11, 11:47 AM",,,
Lisa,Zahm,,,zip-4pgh-5vz7nt3f-pzuz5k@customer.ziprealty.com,,"12/24/11, 11:47 AM",,,
lenka,,,,keepee@land.ru,,"12/24/11, 11:47 AM",,,
lena,,,,lena3432003@yahoo.com,,"12/24/11, 11:47 AM",,,
Leifer,Slavik Leifer,,,Leifer@online.de,,"12/24/11, 11:47 AM",,,
,,,,juliet@uvdi.com,,"12/24/11, 11:47 AM",,,
Julia,,,,russianjewlchick@hotmail.com,,"12/24/11, 11:47 AM",,,
,,,,jordana769@hotmail.com,,"12/24/11, 11:47 AM",,,
,,,,xzzs6-3596757433@job.craigslist.org,,"3/26/13, 3:21 PM",,,
,,,,recruiting@mmhllp.com,,"3/26/13, 3:21 PM",,,
,,,,wfunderburk@candffirm.com,,"3/26/13, 3:21 PM",,,
,,,,ericcconnlaw@gmail.com,,"3/26/13, 3:21 PM",,,
Armine,Amiryan,,,,(310) 739-4835,"3/26/13, 3:21 PM",,,
Alex,Olshansky,,,alex@daqfx.com,,"3/26/13, 3:21 PM",,,
,,,,9w2d5-3663575216@job.craigslist.org,,"3/26/13, 3:21 PM",,,
Sasha,Mamaev,,,,3236089904,"3/26/13, 3:21 PM",,,
,,,,kfletcher@krfconsulting.com,,"3/26/13, 3:21 PM",,,
,,,,mttrz-3663595644@job.craigslist.org,,"3/26/13, 3:21 PM",,,
,,,,fhxhj-3661657803@job.craigslist.org,,"3/26/13, 3:21 PM",,,
,,,,pxs79-3663889147@job.craigslist.org,,"3/26/13, 3:21 PM",,,
,,,,info@golawusa.com,,"3/26/13, 3:21 PM",,,
Michael,Kitsis,,,,2069538544,"3/26/13, 3:21 PM",,,
Ruzanna,Yeremyan,,,,(818) 421-6778,"3/26/13, 3:21 PM",,,
,,,,dbruder@slateslaw.com,,"3/26/13, 3:21 PM",,,
Ethan,Falk,,,ejf@falksharp.com,,"3/26/13, 3:21 PM",,,
,Kolya,,,,(323) 527-6261,"3/26/13, 3:21 PM",,,
,,,,myl@manningllp.com,,"3/26/13, 3:21 PM",,,
,,,,pno@lacare.org,,"3/26/13, 3:21 PM",,,
,,,,ddjukelic@americansolardirect.com,,"3/26/13, 3:21 PM",,,
,,,,aaw@severson.com,,"3/26/13, 3:21 PM",,,
,,,,wjm6s-3579532602@job.craigslist.org,,"3/26/13, 3:21 PM",,,
,,,,tmallean@skylaw.net,,"3/26/13, 3:21 PM",,,
,,,,hmcd2-3578375695@job.craigslist.org,,"3/26/13, 3:21 PM",,,
Kline,Michael,,,mkline@wccelaw.com,,"3/26/13, 3:21 PM",,,
Dimitry,Czar,,,dimitry@rnblive.tv,,"3/26/13, 3:21 PM",,,
Noreen,Berra,,,nberra@swlaw.edu,,"3/26/13, 3:21 PM",,,
Hawkins,Vickie,,,VHawkins@alamedaalliance.org,,"3/26/13, 3:21 PM",,,
Noreen,Berra,,,berra@earthlink.net,,"3/26/13, 3:21 PM",,,
,,,,nj9fk-3659378526@job.craigslist.org,,"3/26/13, 3:21 PM",,,
,,,,mgw6p-3582816156@job.craigslist.org,,"3/26/13, 3:21 PM",,,
,,,,frbt3-3578480172@job.craigslist.org,,"3/26/13, 3:21 PM",,,
Vicka,Oxys,,,,"3103349262, (310) 739-9258, 3104993121","3/26/13, 3:21 PM",,,
,,,,person78789@mypacks.net,,"3/26/13, 3:21 PM",,,
Maggie,Pitner,,,mpitner@net-lead-apps.net,,"3/26/13, 3:21 PM",,,
,,,,CLE@therossdalegroup.com,,"3/26/13, 3:21 PM",,,
Anya,Budnikova,,,,12132488949,"3/26/13, 3:21 PM",,,
Maslan,Brandon,,,Brandon.Maslan@marcumsearch.com,,"3/26/13, 3:21 PM",,,
dennis,cleek,,,d.cleek@sbcglobal.net,,"3/26/13, 3:21 PM",,,
,,,,ghsk9-3658552880@job.craigslist.org,,"3/26/13, 3:21 PM",,,
JaMina,Midgette,,,pbjamm89@gmail.com,,"3/26/13, 3:21 PM",,,
Yakov,Shpolyansky,,,yakov1951@gmail.com,,"3/26/13, 3:21 PM",,,
,Rafi,,,rafi@usatv.com,(818) 636-3501,"3/26/13, 3:21 PM",,,
,,,,pgf3j-3577587821@job.craigslist.org,,"3/26/13, 3:21 PM",,,
,,,,businesslaw@lists.sfvba.org,,"3/26/13, 3:21 PM",,,
Cedars,Sinai,,,,1 310-423-3927,"3/26/13, 3:21 PM",,,
,,,,alcaraz.edward@yahoo.com,,"3/26/13, 3:21 PM",,,
,,,,np7j8-3581424658@job.craigslist.org,,"3/26/13, 3:21 PM",,,
,,,,npw3f-3647420730@job.craigslist.org,,"3/26/13, 3:21 PM",,,
Yanky,Kahn,,Rabbi,,(818) 605-2066,"3/26/13, 3:21 PM",,18118 Miranda St.  Tarzana Type:home Primary:No,
Irma,Mejia,,,Irma@sfvba.org,,"3/26/13, 3:21 PM",,,
,,,,APPLICANTS@llaw.la,,"3/26/13, 3:21 PM",,,
,Parents,,,,3108881827,"3/26/13, 3:21 PM",,,
,NaPaGraph,,,print@napagraph.com,,"3/26/13, 3:21 PM",,,
,,,,lovefelicity3@aol.com,,"3/26/13, 3:21 PM",,,
Lusine,Shahbazyan,,,,8622282222,"3/26/13, 3:21 PM",,,
,,,,providerservices@alamedaalliance.org,,"3/26/13, 3:21 PM",,,
Dimitry,Czar,,,,3105979527,"3/26/13, 3:21 PM",,,
Ronald,Slates,,,rslates2@rslateslaw.com,,"3/26/13, 3:21 PM",,,
yakov,shpolyansky,,,bhhhcinc@hotmail.com,,"3/26/13, 3:21 PM",,,
Leo,Rotenberg,,,leorotenberg@gmail.com,,"3/26/13, 3:21 PM",,,
Gary,Davtyan,,,garyd@usatv.com,,"3/26/13, 3:21 PM",,,
Gary,Rotkop,,,gary@usatv.com,,"3/26/13, 3:21 PM",,,
William,Vu,,,william@usatv.com,,"3/26/13, 3:21 PM",,,
Robin,Apodaca,,,rprophete@swlaw.edu,,"3/26/13, 3:21 PM",,,
,,,,jobs@evict123.com,,"3/26/13, 3:21 PM",,,
Yanky,Kahn,,,Yanky@chabadofthevalley.com,,"3/26/13, 3:21 PM",,,
Baker,Jeffrey,,,Jeffrey.Baker@bmwofbeverlyhills.com,,"3/26/13, 3:21 PM",,,
,,,,KasiaFaughn@aol.com,,"3/26/13, 3:21 PM",,,
Robert,Lind,,,rlind@swlaw.edu,,"3/26/13, 3:21 PM",,,
Carl,Knapp,,,,9518337684,"3/26/13, 3:21 PM",,,
,,,,lclaery@claerygreen.com,,"3/26/13, 3:21 PM",,,
,,,,gdayu2002@yahoo.com,,"3/26/13, 3:21 PM",,,
,Cortni,,,cortnijoyner@gmail.com,6178235282,"3/26/13, 3:21 PM",,,
,,,,Kevinn.Villard@mto.com,,"3/26/13, 3:21 PM",,,
,Isaac,,,,(818) 822-6027,"3/26/13, 3:21 PM",,,
Ilya,PhD,,,irachman99@yahoo.com,,"3/26/13, 3:21 PM",,,
,,,,ydyachenko@swlaw.edu,,"3/26/13, 3:21 PM",,,
,,,,gor@lalawteam.com,,"3/26/13, 3:21 PM",,,
Evgebi,Kernis,,,,13108016150,"3/26/13, 3:21 PM",,,
,,,,sev.simonian@gmail.com,,"3/26/13, 3:21 PM",,,
,,,,hakhverdyan2@yahoo.com,,"3/26/13, 3:21 PM",,,
Janna,Petoyan,,Executive Assistant,,(818) 568-9926,"3/26/13, 3:21 PM",,,
,,,,kmagtaas@gibsondunn.com,,"3/26/13, 3:21 PM",,,
Maslan,(00290),,,brandon.maslan@roberthalflegal.com,,"3/26/13, 3:21 PM",,,
Dmitry,Uchitel,,,duchitel1@gmail.com,,"3/26/13, 3:21 PM",,,
Marco,Godoy,,,,8182842233,"3/26/13, 3:21 PM",,,
Gleb,Docs),,,svetogleb@gmail.com,,"3/26/13, 3:21 PM",,,
,,,,tvillaluz@wirelesscapital.com,,"3/26/13, 3:21 PM",,,
Kris,Karaian,,,kkaraian@gmail.com,8184459760,"3/26/13, 3:21 PM",,,
,,,,kx7vm-3580018031@job.craigslist.org,,"3/26/13, 3:21 PM",,,
,,,,gkapurlaw@yahoo.com,,"3/26/13, 3:21 PM",,,
,,,,k6dct-3587475626@job.craigslist.org,,"3/26/13, 3:21 PM",,,
Personal,Injury,,,pidepartment1@gmail.com,,"3/26/13, 3:21 PM",,,
,,,,scifidoc@mac.com,,"3/26/13, 3:21 PM",,,
Marat,Shpolyansky,,,,"(818) 787-1080, (323) 363-4153","3/26/13, 3:21 PM",,,
Candy,Lau,,,,18056806456,"3/26/13, 3:21 PM",,,
,,,,ccattyresumes@omm.com,,"3/26/13, 3:21 PM",,,
,,,,careers@lfjpc.com,,"3/26/13, 3:21 PM",,,
Sam,Katz,,,,8184543652,"3/26/13, 3:21 PM",,,
Sarah,Wolk,,,srw@wltlawyers.com,,"3/26/13, 3:21 PM",,,
,,,,smillar@millarlaw.net,,"3/26/13, 3:21 PM",,,
,,,,pffzs-3590265208@job.craigslist.org,,"3/26/13, 3:21 PM",,,
Mun,Kang,,,mun.kang@cybercoders.com,,"3/26/13, 3:21 PM",,,
,Grigor,,,,8184583904,"3/26/13, 3:21 PM",,,
,USArmenia,,,,8183556269,"3/26/13, 3:21 PM",,,
,,,,zbs99-3581346288@job.craigslist.org,,"3/26/13, 3:21 PM",,,
,,,,lyneda.dew@libertymutual.com,,"3/26/13, 3:21 PM",,,
craigslist,3663254333,,,k3qxw-3663254333@job.craigslist.org,,"3/26/13, 3:21 PM",,,
,,,,funjordyn12@aol.com,,"3/26/13, 3:21 PM",,,
Vahag,Sarkissian,,,,2123333933,"3/26/13, 3:21 PM",,,
,,,,w9knx-3593277031@job.craigslist.org,,"3/26/13, 3:21 PM",,,
,,,,rhatton@familynursingservices.com,,"3/26/13, 3:21 PM",,,
,,,,job-e5pzk-2797418638@craigslist.org,,"3/26/13, 3:21 PM",,,
,,,,AxFoster@mercuryinsurance.com,,"3/26/13, 3:21 PM",,,
Emil,Matevosyan,,,,(818) 288-8522,"3/26/13, 3:21 PM",,,
Brandon,Maslon,,,,4103022822,"3/26/13, 3:21 PM",,,
Kiara,Garcia,,,kiara@mslitigators.com,,"3/26/13, 3:21 PM",,,
Tien,Marketplace,,,55610rh85xq0dpb@marketplace.amazon.com,,"3/26/13, 3:21 PM",,,
,networkrelations,,,networkrelations@wellpoint.com,,"3/26/13, 3:21 PM",,,
Gary,Rotkop,,,gary@attorneyprod.com,,"3/26/13, 3:21 PM",,,
,,,,9tsj5-3657637975@job.craigslist.org,,"3/26/13, 3:21 PM",,,
shane,lunciski,,,shanevluncinski@yahoo.com,,"3/26/13, 3:21 PM",,,
,,,,shipment.notification@expeditedpackages.com,,"3/26/13, 3:21 PM",,,
,,,,job-geggm-2803372418@craigslist.org,,"3/26/13, 3:21 PM",,,
,Alfred,,,,8182686608,"3/26/13, 3:21 PM",,,
,,,,job-3wxfz-2797869445@craigslist.org,,"3/26/13, 3:21 PM",,,
Zack,Levine,,,zjl@wltlawyers.com,,"3/26/13, 3:21 PM",,,
Michael,Avanesian,,,,8188171725,"3/26/13, 3:21 PM",,,
,,,,info@mslitigators.com,,"3/26/13, 3:21 PM",,,
,vkernes,,,vkernes@gmail.com,,"3/26/13, 3:21 PM",,,
Jenkins,Kreshenda,,,kjenkins@alamedaalliance.org,,"3/26/13, 3:21 PM",,,
John,Yakubyan,,,,8182819315,"3/26/13, 3:21 PM",,,
Scott,Alderton,,,salderton@stubbsalderton.com,,"3/26/13, 3:21 PM",,,
,,,,mchan@hptylaw.com,,"3/26/13, 3:21 PM",,,
PATRICIA,RODRIGUEZ,,,"rpatrici@temple.edu,prod@attorneyprod.com",,"3/26/13, 3:21 PM",,,
,,,,oruby58@gmail.com,,"3/26/13, 3:21 PM",,,
,,,,rmkqn-3595965348@job.craigslist.org,,"3/26/13, 3:21 PM",,,
Vika,Shapiro,,,,(818) 371-5381,"3/26/13, 3:21 PM",,,
JaMina,Midgette,,,jamina@attorneyprod.com,,"3/26/13, 3:21 PM",,,
,,,,ddjukelic@americansoalrdirect.com,,"3/26/13, 3:21 PM",,,
,,,,52trc-3642265872@job.craigslist.org,,"3/26/13, 3:21 PM",,,
,,,,thomas.v.smith@netscape.com,,"3/26/13, 3:21 PM",,,
,,,,lvallone@updatelegal.com,,"3/26/13, 3:21 PM",,,
,Micky,,,,(818) 536-1125,"3/26/13, 3:21 PM",,,
,,,,michaels@plagerschack.com,,"3/26/13, 3:21 PM",,,
,,,,ksolano@expakgrounds.com,,"3/26/13, 3:21 PM",,,
,,,,membership@bhba.org,,"3/26/13, 3:21 PM",,,
Keith,Fletcher,,COO,,(818) 599-6498,"3/26/13, 3:21 PM",,,
Rob A,,,,Rob.vanZelst@amway.com,,"12/24/11, 11:47 AM",,,
POLINA,TRAVEL,,,agency.email.unknown@sabre.com,,"12/24/11, 11:47 AM",,,
POLINA,EVZEROVA,,,polinatravel@hotmail.com,,"12/24/11, 11:47 AM",,,
PIbgIi,,,,ff@interchem.com.ua,,"12/24/11, 11:47 AM",,,
,,,,mkitsis@yahoo.com,,"12/24/11, 11:47 AM",,,
Michael,,,,gormakh@sbcglobal.net,,"12/24/11, 11:47 AM",,,
,,,,lvr.1@netzero.net,,"12/24/11, 11:47 AM",,,
ludka,,,,luda.tu1@gmail.com,,"12/24/11, 11:47 AM",,,
Ludka,,,,l_tukan@incon.ua,,"12/24/11, 11:47 AM",,,
lora,vernik,,,lauraofbeverlyhills@gmail.com,,"12/24/11, 11:47 AM",,,
Lisa,Zahm,,,zip-4pgh-5vz7nt3f-pzuz5k@customer.ziprealty.com,,"12/24/11, 11:47 AM",,,
lenka,,,,keepee@land.ru,,"12/24/11, 11:47 AM",,,
lena,,,,lena3432003@yahoo.com,,"12/24/11, 11:47 AM",,,
Leifer,Slavik Leifer,,,Leifer@online.de,,"12/24/11, 11:47 AM",,,
,,,,juliet@uvdi.com,,"12/24/11, 11:47 AM",,,
Julia,,,,russianjewlchick@hotmail.com,,"12/24/11, 11:47 AM",,,
,,,,jordana769@hotmail.com,,"12/24/11, 11:47 AM",,,
jordana,leigh,,,jordana769@gmail.com,,"12/24/11, 11:47 AM",,,
Jim,Phillips,,,james.phillips@opco.com,,"12/24/11, 11:47 AM",,,
Irina,Ulanova,,,irina.ulanova888@gmail.com,,"12/24/11, 11:47 AM",,,
Inna,Zalevsky,,,zalevsky@adelphia.net,,"12/24/11, 11:47 AM",,,
Gene,Bukrinsky,,,gbukrinsky@ksco.net,,"12/24/11, 11:47 AM",,,
Gary,Saenger,,,gsaenger@saengerassociates.com,,"12/24/11, 11:47 AM",,,
,,,,danielgoetz@earthlink.net,,"12/24/11, 11:47 AM",,,
,borik,,,ckerica@aol.com,,"12/24/11, 11:47 AM",,,
Andrew,Maloney,,,Andrew.Maloney.B1@CyberCoders.com,,"12/24/11, 11:47 AM",,,
Alex,Zalevsky,,,alexander.zalevsky@opco.com,,"12/24/11, 11:47 AM",,,
,,,,agmnitsa@comcast.net,,"12/24/11, 11:47 AM",,,
Julia,Heart,,,jewlchick@hotmail.com,,"1/9/08, 5:00 PM",,,
,la@careergroupinc.com,,,la@careergroupinc.com,,"1/9/08, 5:00 PM",,,
,recruiting@fulcruminquiry.com,,,recruiting@fulcruminquiry.com,,"1/9/08, 5:00 PM",,,
,tom.johnson@latimes.com,,,tom.johnson@latimes.com,,"1/9/08, 5:00 PM",,,
,Mdickstein@steveandbarrys.com,,,mdickstein@steveandbarrys.com,,"1/9/08, 5:00 PM",,,
,,,,amypaina@gmail.com,,"4/23/13, 8:32 PM",,,
,,,,m1234blue@yahoo.com,,"4/23/13, 8:32 PM",,,
Karlan,Hall,,,"karlan@attorneyprod.com,karlanhall33@gmail.com",,"4/23/13, 8:32 PM",,,
,,,,withem@rosenthalzeff.com,,"4/23/13, 8:32 PM",,,
Tim,Ceperley,,,tceperley@afrct.com,,"4/23/13, 8:32 PM",,,
James,Hulette,,,jim.hulette@gmail.com,,"4/23/13, 8:32 PM",,,
Linda,Tarwater,,,ljt@severson.com,,"4/23/13, 8:32 PM",,,
,,,,jim@attorneyprod.com,,"4/23/13, 8:32 PM",,,
,,,,kcole@victormedical.com,,"4/23/13, 8:32 PM",,,
,,,,terence.kilpatrick@hotmail.com,,"4/23/13, 8:32 PM",,,
,,,,soyariz26@gmail.com,,"4/23/13, 8:32 PM",,,
,,,,Natalie.Garry@wellsfargo.com,,"4/23/13, 8:32 PM",,,
,,,,olgaleyman@yahoo.com,,"4/23/13, 8:32 PM",,,
,,,,betty@rishwainlaw.com,,"4/23/13, 8:32 PM",,,
,,,,djohnsca@aol.com,,"4/23/13, 8:32 PM",,,
David,Session,,,sessiond@dslextreme.com,,"4/23/13, 8:32 PM",,,
Suzanne,Hankins,,,smh@severson.com,,"4/23/13, 8:32 PM",,,
,,,,career@thorgroup.com,,"12/27/11, 10:33 AM",,,
,,,,careers@ascentium.com,,"12/27/11, 10:33 AM",,,
,,,,resume@mercurymedia.com,,"12/27/11, 10:33 AM",,,
,,,,job-385642484@craigslist.org,,"12/27/11, 10:33 AM",,,
,,,,job-386396856@craigslist.org,,"12/27/11, 10:33 AM",,,
,,,,careers@rogerspr.com,,"12/27/11, 10:33 AM",,,
,careers@eliteplacementgroup.com,,,careers@eliteplacementgroup.com,,"12/27/11, 10:33 AM",,,
,,,,job-382807848@craigslist.org,,"12/27/11, 10:33 AM",,,
vadik,,,,vgorokhovsky@sbcglobal.net,,"12/24/11, 11:47 AM",,,
Sergei,Gritsenko,,,send2sergei@gmail.com,,"12/24/11, 11:47 AM",,,
Lev,Rotkop,,,rotkop@sbcglobal.net,,"12/24/11, 11:47 AM",,,
Lev,Rotkop,,,levr@uvdi.com,,"12/24/11, 11:47 AM",,,
,borya,,,bvernik@sbcglobal.net,,"12/24/11, 11:47 AM",,,
Larisa,Markus,,,amerbillserv@yahoo.com,,"12/24/11, 11:47 AM",,,
Gina,Cuartas,,,gcuartas@barenslaw.com,,"1/9/08, 5:00 PM",,,
Alex,Gorokhovsky,,,mail4ag@gmail.com,,"1/9/08, 5:00 PM",,,
,recruiting@moore-associates.net,,,recruiting@moore-associates.net,,"1/9/08, 5:00 PM",,,
Ilya,Kaminsky,,,ilyakam@gmail.com,,"1/8/08, 11:05 PM",,,
,Campus@steveandbarrys.com,,,campus@steveandbarrys.com,,"1/9/08, 5:00 PM",,,
Jay,Lee,,,leeymjay@gmail.com,,"1/9/08, 5:00 PM",,,
Skya,Gelena,,,Gelena.Skya@Colliers.com,,"1/8/08, 11:05 PM",,,
,jbarnese@mpiphp.org,,,JBarnese@MPIPHP.ORG,,"1/9/08, 5:00 PM",,,
john,baptiste,,,tomanthai@hotmail.com,,"1/9/08, 5:00 PM",,,
France,Titus,,,tfrance@competitionpolicy.com,,"1/9/08, 5:00 PM",,,
,dnaidu@cornerstone.com,,,dnaidu@cornerstone.com,,"1/9/08, 5:00 PM",,,
,avillalobos@woodcraftrangers.org,,,avillalobos@woodcraftrangers.org,,"1/9/08, 5:00 PM",,,
,mshearman@DynamicSalesCareers.com,,,m.shearman@dynamicsalescareers.com,,"1/9/08, 5:00 PM",,,
Markman,Angeles),,,Cmarkman@deloitte.com,,"1/9/08, 5:00 PM",,,
,wabel@allstate.com,,,wabel@allstate.com,,"1/9/08, 5:00 PM",,,
,chillitogo@yahoo.com,,,chillitogo@yahoo.com,,"1/9/08, 5:00 PM",,,
,rdresources@rdresources.com,,,rdresources@rdresources.com,,"1/9/08, 5:00 PM",,,
Gus,Buria,,,gburia@ledgentsearch.com,,"1/9/08, 5:00 PM",,,
,alumservice@career.ucla.edu,,,alumservice@career.ucla.edu,,"1/9/08, 5:00 PM",,,
,US-CorpFinRecruit@kpmg.com,,,us-corpfinrecruit@kpmg.com,,"1/9/08, 5:00 PM",,,
,ben.kinzel@cbridgesa.com,,,Ben.Kinzel@cbridgesa.com,,"1/9/08, 5:00 PM",,,
Tatiana,Rizova,,,tatianar@ucla.edu,,"1/9/08, 5:00 PM",,,
,tgassociates@gmail.com,,,tgassociates@gmail.com,,"1/9/08, 5:00 PM",,,
,michelle.evans@wellsfargo.com,,,michelle.evans@wellsfargo.com,,"1/9/08, 5:00 PM",,,
Frank,Wu,,,fenjiot@gmail.com,,"1/9/08, 5:00 PM",,,
,Conmwall@aol.com,,,Conmwall@aol.com,,"1/9/08, 5:00 PM",,,
,ryiwamot@maxhealth.com,,,ryiwamot@maxhealth.com,,"1/9/08, 5:00 PM",,,
,careersla@icmtalent.com,,,careersla@icmtalent.com,,"1/9/08, 5:00 PM",,,
,ratemyx@gmail.com,,,ratemyx@gmail.com,,"1/9/08, 5:00 PM",,,
Patpatia,&,,,patpatia@patpatia.com,,"1/9/08, 5:00 PM",,,
,john.l.lam@intel.com,,,john.l.lam@intel.com,,"1/9/08, 5:00 PM",,,
,matt@revolutionprep.com,,,matt@revolutionprep.com,,"1/9/08, 5:00 PM",,,
,Linda.Wilson@emergent.net,,,linda.wilson@emergent.net,,"1/9/08, 5:00 PM",,,
,Caturholcombe@ucla.edu,,,caturholcombe@ucla.edu,,"1/9/08, 5:00 PM",,,
Gabriel,gstar13@yahoo.com,,,gstar13@yahoo.com,,"1/8/08, 10:53 PM",,,
Mary,Walker,,,mm@mary-margaret.com,,"1/9/08, 5:00 PM",,,
,sdobbs@gpworldwide.com,,,sdobbs@gpworldwide.com,,"1/9/08, 5:00 PM",,,
,l.duran@mh-i.com,,,l.duran@mh-i.com,,"1/9/08, 5:00 PM",,,
Stas,Baydakov,,,sbaydakov@yahoo.com,,"1/9/08, 5:00 PM",,,
,gpeterson@patpatia.com,,,gpeterson@patpatia.com,,"1/9/08, 5:00 PM",,,
Alex,Hirsch,,,alex@coitstaffing.com,,"1/9/08, 5:00 PM",,,
,bhresume@sbcglobal.net,,,bhresume@sbcglobal.net,,"1/9/08, 5:00 PM",,,
,hrdocument@gmail.com,,,hrdocument@gmail.com,,"1/9/08, 5:00 PM",,,
,1201.hyriancorp@hiredesk.net,,,1201.hyriancorp@hiredesk.net,,"1/9/08, 5:00 PM",,,
,danil_lerner@msn.com,,,danil_lerner@msn.com,,"1/9/08, 5:00 PM",,,
,stronghr@san.rr.com,,,stronghr@san.rr.com,,"1/9/08, 5:00 PM",,,
,3741252.6@jobfrenzy1.com,,,3741252.6@jobfrenzy1.com,,"1/9/08, 5:00 PM",,,
Gary,Rotkop,,,grotkop@gmail.com,,"1/9/08, 5:00 PM",,,
,dbravo@career.ucla.edu,,,dbravo@career.ucla.edu,,"1/9/08, 5:00 PM",,,
Julia,Dyachenko,,,julia.dyachenko@gmail.com,,"1/8/08, 10:53 PM",,,
,sbaydakoz@yahoo.com,,,sbaydakoz@yahoo.com,,"1/9/08, 5:00 PM",,,
,john.goodale@emergent.net,,,john.goodale@emergent.net,,"1/9/08, 5:00 PM",,,
,steve@medicalbrigades.com,,,steve@medicalbrigades.com,,"1/9/08, 5:00 PM",,,
Christine,Nishimoto,,,cnishimoto@strategicvisionconsulting.com,,"1/9/08, 5:00 PM",,,
Dmitriy,Dmitriy.aristov@interpretllc.com,,,dmitriy.aristov@interpretllc.com,,"1/9/08, 11:37 AM",,,
Raymond,Truong,,,raymon6@gmail.com,,"1/9/08, 5:00 PM",,,
,sf.ra.resumes@sf.frb.org,,,SF.RA.Resumes@sf.frb.org,,"1/9/08, 5:00 PM",,,
Decatur,V,,,caturholcombe@gmail.com,,"1/8/08, 11:05 PM",,,
George,Moreas,,,gmoreasjr@gmail.com,,"1/9/08, 5:00 PM",,,
,monroe@uts175.com,,,monroe@uts175.com,,"1/9/08, 5:00 PM",,,
mark,eberstein,,,s4supersonic@yahoo.com,,"1/8/08, 10:53 PM",,,
,recruiting@progeny.net,,,recruiting@progeny.net,,"1/9/08, 5:00 PM",,,
harvey,schwartz,,,Happyjobs2007@gmail.com,,"1/9/08, 5:00 PM",,,
,aalquiso@uci.edu,,,aalquiso@uci.edu,,"1/9/08, 5:00 PM",,,
,ccollymore@bankofny.com,,,ccollymore@bankofny.com,,"1/9/08, 5:00 PM",,,
,daniil_lerner@msn.com,,,daniil_lerner@msn.com,,"1/9/08, 5:00 PM",,,
,christine@bankofcardiff.com,,,christine@bankofcardiff.com,,"1/9/08, 5:00 PM",,,
,johanna@bigbearcoolcabins.com,,,johanna@bigbearcoolcabins.com,,"1/9/08, 5:00 PM",,,
Karen,Chapman,,,someintime@hotmail.com,,"1/9/08, 5:00 PM",,,
,hrlosangeles2@reedbusiness.com,,,hrlosangeles2@reedbusiness.com,,"1/9/08, 5:00 PM",,,
Leo,Rotenberg,,,leorotenberg@hotmail.com,,"1/8/08, 11:05 PM",,,
Kirill,Nech,,,"knech@uci.edu,kirillnech@gmail.com",,"1/8/08, 11:05 PM",,,
,jhornik@greatamerican.com,,,jhornik@greatamerican.com,,"1/9/08, 5:00 PM",,,
,michaelshanto@yahoo.com,,,michaelshanto@yahoo.com,,"1/9/08, 5:00 PM",,,
,craig.willis@adeccona.com,,,Craig.Willis@adeccona.com,,"1/9/08, 5:00 PM",,,
Jackie,Waldman,,,jjmwaldman@gmail.com,,"1/13/08, 5:53 PM",,,
Lev,Rotkop,,,dmwledmwe@fsae.com,,"1/11/08, 12:36 PM",,,
Vaagn,Sarkissian,,,vaagn2002@yahoo.com,,"3/26/13, 3:21 PM",,,
Tevis,Rybin,,,tevisrybin@yahoo.com,,"1/13/08, 11:59 AM",,,
Georgiy,Moreas,,,moreasjr@gmail.com,,"1/8/08, 10:53 PM",,,
Herb L.,Weinberg,,,hweinberg@mcguirewoods.com,,"12/27/11, 10:33 AM",,,
Frank,Wu,,,enjiot@gmail.com,,"1/8/08, 10:53 PM",,,
Stephen,Fairley,,,Stephen@TheRainmakerInstitute.com,,"4/23/15, 12:22 PM",,,
,,,,mmohamed@sw.edu,,"12/27/11, 10:33 AM",,,
Katarzyna,Faughn,,,Katarzyna.Faughn@doj.ca.gov,,"12/27/11, 10:33 AM",,,
,,,,ssauter@commuitycareer.org,,"12/27/11, 10:33 AM",,,
Munzer,Katrina,,,Katrina.Munzer@sscims.com,,"12/27/11, 10:33 AM",,,
,,,,Suzanne@rjtcompuquest.com,,"12/27/11, 10:33 AM",,,
,,,,ccohan@newregency.com,,"12/27/11, 10:33 AM",,,
,,,,Thoang@newregency.com,,"12/27/11, 10:33 AM",,,
,,,,dmitriy_pindrik@countrywide.com,,"12/27/11, 10:33 AM",,,
,,,,recruiting@moelis.com,,"12/27/11, 10:33 AM",,,
,,,,rohit@rotohog.com,,"12/27/11, 10:33 AM",,,
,,,,Ed_Bonsey@partner.nps.gov,,"12/27/11, 10:33 AM",,,
,,,,kmarquez@omnicap.net,,"12/27/11, 10:33 AM",,,
Kopitzke,CA),,,Jonathan_Kopitzke@ml.com,,"12/27/11, 10:33 AM",,,
,,,,careers@ucgsolutions.com,,"12/27/11, 10:33 AM",,,
,,,,hr@wilshire.com,,"12/27/11, 10:33 AM",,,
,,,,afsoun@globalshield.com,,"12/27/11, 10:33 AM",,,
,,,,sean@globalshieldsecurityinc.com,,"12/27/11, 10:33 AM",,,
,,,,HaikBartoumian@friedmanlawoffices.com,,"12/27/11, 10:33 AM",,,
Haik,Bartoumian,,,haik@friedmanlawoffices.com,,"12/27/11, 10:33 AM",,,
,,,,afsoun@globalshieldsecurityinc.com,,"12/27/11, 10:33 AM",,,
,,,,Yani.Segoro@laserfiche.com,,"12/27/11, 10:33 AM",,,
,,,,yeni.segoro@laserfiche.com,,"12/27/11, 10:33 AM",,,
,,,,usjobs@mdsl.com,,"12/27/11, 10:33 AM",,,
,,,,zabi@globalshieldsecurityinc.com,,"12/27/11, 10:33 AM",,,
Haseena,Qudrat,,,haseena@globalshieldsecurityinc.com,,"12/27/11, 10:33 AM",,,
,,,,melliot@ecosafeusa.com,,"12/27/11, 10:33 AM",,,
,,,,sandrau@prpllc.com,,"12/27/11, 10:33 AM",,,
,,,,rszymanski@eclipselaw.com,,"12/27/11, 10:33 AM",,,
,,,,jeanine@alwaysbethere.com,,"12/27/11, 10:33 AM",,,
,,,,sl1119@yahoo.com,,"12/27/11, 10:33 AM",,,
,herb,,,Herb@verifi.com,,"12/27/11, 10:33 AM",,,
,,,,careers@teamtaggroup.com,,"12/27/11, 10:33 AM",,,
,,,,sma@lucescurealty.com,,"12/27/11, 10:33 AM",,,
,,,,jobs@bovitzresearchgroup.com,,"12/27/11, 10:33 AM",,,
,,,,paul.salce@unisys.com,,"12/27/11, 10:33 AM",,,
Michael,Flynn,,,mflynn@collegeloan.com,,"12/27/11, 10:33 AM",,,
,,,,davidabdelgawad@hotmail.com,,"12/27/11, 10:33 AM",,,
,,,,CGroeneveld@ccsglobaltech.com,,"12/27/11, 10:33 AM",,,
,,,,stanleymreed@yahoo.com,,"12/27/11, 10:33 AM",,,
,,,,stanleymreeb@yahoo.com,,"12/27/11, 10:33 AM",,,
,,,,rpsweitzer@verizon.net,,"12/27/11, 10:33 AM",,,
,,,,unegrillo@yahoo.com,,"12/27/11, 10:33 AM",,,
,,,,jcmoyao@yahoo.com,,"12/27/11, 10:33 AM",,,
Bruce,G,,,i_8dacat@yahoo.com,,"12/27/11, 10:33 AM",,,
,,,,Jobs@tiyptelematics.com,,"12/27/11, 10:33 AM",,,
,,,,job-534644203@craigslist.org,,"12/27/11, 10:33 AM",,,
,,,,jstark@hcg.com,,"12/27/11, 10:33 AM",,,
,,,,job-551861240@craigslist.org,,"12/27/11, 10:33 AM",,,
Miles,Jillian,,,Jillian.Miles@pepperdine.edu,,"12/27/11, 10:33 AM",,,
,,,,PKhurana@ccsglobaltech.com,,"12/27/11, 10:33 AM",,,
Pankaj,Khurana,,,PKhurana@ccsincus.com,,"12/27/11, 10:33 AM",,,
,,,,haley@woome.net,,"12/27/11, 10:33 AM",,,
,,,,jobs@greendot.org,,"12/27/11, 10:33 AM",,,
,,,,ddjukelic@americansolardirect.com,,"3/26/13, 3:21 PM",,,
,,,,aaw@severson.com,,"3/26/13, 3:21 PM",,,
,,,,wjm6s-3579532602@job.craigslist.org,,"3/26/13, 3:21 PM",,,
,,,,tmallean@skylaw.net,,"3/26/13, 3:21 PM",,,
,,,,hmcd2-3578375695@job.craigslist.org,,"3/26/13, 3:21 PM",,,
Kline,Michael,,,mkline@wccelaw.com,,"3/26/13, 3:21 PM",,,
Dimitry,Czar,,,dimitry@rnblive.tv,,"3/26/13, 3:21 PM",,,
Noreen,Berra,,,nberra@swlaw.edu,,"3/26/13, 3:21 PM",,,
Hawkins,Vickie,,,VHawkins@alamedaalliance.org,,"3/26/13, 3:21 PM",,,
Noreen,Berra,,,berra@earthlink.net,,"3/26/13, 3:21 PM",,,
,,,,nj9fk-3659378526@job.craigslist.org,,"3/26/13, 3:21 PM",,,
,,,,mgw6p-3582816156@job.craigslist.org,,"3/26/13, 3:21 PM",,,
,,,,frbt3-3578480172@job.craigslist.org,,"3/26/13, 3:21 PM",,,
Vicka,Oxys,,,,"3103349262, (310) 739-9258, 3104993121","3/26/13, 3:21 PM",,,
,,,,person78789@mypacks.net,,"3/26/13, 3:21 PM",,,
Maggie,Pitner,,,mpitner@net-lead-apps.net,,"3/26/13, 3:21 PM",,,
,,,,CLE@therossdalegroup.com,,"3/26/13, 3:21 PM",,,
Anya,Budnikova,,,,12132488949,"3/26/13, 3:21 PM",,,
Maslan,Brandon,,,Brandon.Maslan@marcumsearch.com,,"3/26/13, 3:21 PM",,,
dennis,cleek,,,d.cleek@sbcglobal.net,,"3/26/13, 3:21 PM",,,
,,,,ghsk9-3658552880@job.craigslist.org,,"3/26/13, 3:21 PM",,,
JaMina,Midgette,,,pbjamm89@gmail.com,,"3/26/13, 3:21 PM",,,
Yakov,Shpolyansky,,,yakov1951@gmail.com,,"3/26/13, 3:21 PM",,,
,Rafi,,,rafi@usatv.com,(818) 636-3501,"3/26/13, 3:21 PM",,,
,,,,pgf3j-3577587821@job.craigslist.org,,"3/26/13, 3:21 PM",,,
,,,,businesslaw@lists.sfvba.org,,"3/26/13, 3:21 PM",,,
Cedars,Sinai,,,,1 310-423-3927,"3/26/13, 3:21 PM",,,
,,,,alcaraz.edward@yahoo.com,,"3/26/13, 3:21 PM",,,
,,,,np7j8-3581424658@job.craigslist.org,,"3/26/13, 3:21 PM",,,
,,,,npw3f-3647420730@job.craigslist.org,,"3/26/13, 3:21 PM",,,
Yanky,Kahn,,Rabbi,,(818) 605-2066,"3/26/13, 3:21 PM",,18118 Miranda St.  Tarzana Type:home Primary:No,
Irma,Mejia,,,Irma@sfvba.org,,"3/26/13, 3:21 PM",,,
,,,,APPLICANTS@llaw.la,,"3/26/13, 3:21 PM",,,
,Parents,,,,3108881827,"3/26/13, 3:21 PM",,,
,NaPaGraph,,,print@napagraph.com,,"3/26/13, 3:21 PM",,,
,,,,lovefelicity3@aol.com,,"3/26/13, 3:21 PM",,,
Lusine,Shahbazyan,,,,8622282222,"3/26/13, 3:21 PM",,,
,,,,providerservices@alamedaalliance.org,,"3/26/13, 3:21 PM",,,
Dimitry,Czar,,,,3105979527,"3/26/13, 3:21 PM",,,
Ronald,Slates,,,rslates2@rslateslaw.com,,"3/26/13, 3:21 PM",,,
yakov,shpolyansky,,,bhhhcinc@hotmail.com,,"3/26/13, 3:21 PM",,,
Leo,Rotenberg,,,leorotenberg@gmail.com,,"3/26/13, 3:21 PM",,,
Gary,Davtyan,,,garyd@usatv.com,,"3/26/13, 3:21 PM",,,
Gary,Rotkop,,,gary@usatv.com,,"3/26/13, 3:21 PM",,,
William,Vu,,,william@usatv.com,,"3/26/13, 3:21 PM",,,
Robin,Apodaca,,,rprophete@swlaw.edu,,"3/26/13, 3:21 PM",,,
,,,,jobs@evict123.com,,"3/26/13, 3:21 PM",,,
Yanky,Kahn,,,Yanky@chabadofthevalley.com,,"3/26/13, 3:21 PM",,,
Baker,Jeffrey,,,Jeffrey.Baker@bmwofbeverlyhills.com,,"3/26/13, 3:21 PM",,,
,,,,KasiaFaughn@aol.com,,"3/26/13, 3:21 PM",,,
,,,,resumes@gibsondunn.com,,"12/27/11, 10:33 AM",,,
Corterz,2258,,,corjohnson@act-1.com,,"12/27/11, 10:33 AM",,,
,,,,job-763844771@craigslist.org,,"12/27/11, 10:33 AM",,,
,,,,JOBSW@ticketmaster.com,,"12/27/11, 10:33 AM",,,
,,,,job-768841432@craigslist.org,,"12/27/11, 10:33 AM",,,
,,,,job-773300068@craigslist.org,,"12/27/11, 10:33 AM",,,
,,,,Alison.Markatos@omd.com,,"12/27/11, 10:33 AM",,,
,,,,jobs@imtresidential.com,,"12/27/11, 10:33 AM",,,
,,,,University.Affairs.USNorthern@halliburton.com,,"12/27/11, 10:33 AM",,,
,,,,jgover@merchantsmetals.com,,"12/27/11, 10:33 AM",,,
,,,,kreardon@pathwayscompany.com,,"12/27/11, 10:33 AM",,,
David,Newson,,,dgn@quanteconomics.com,,"12/27/11, 10:33 AM",,,
,,,,job-730030446@craigslist.org,,"12/27/11, 10:33 AM",,,
,,,,EHernandez@communitypartners.org,,"12/27/11, 10:33 AM",,,
,,,,job-747593089@craigslist.org,,"12/27/11, 10:33 AM",,,
,,,,job-754582918@craigslist.org,,"12/27/11, 10:33 AM",,,
,,,,job-763626153@craigslist.org,,"12/27/11, 10:33 AM",,,
,,,,cheryl@pfssearch.com,,"12/27/11, 10:33 AM",,,
,,,,Zach@baronsmedia.com,,"12/27/11, 10:33 AM",,,
,,,,nflores@hdbuttercup.com,,"12/27/11, 10:33 AM",,,
,,,,job-757442208@craigslist.org,,"12/27/11, 10:33 AM",,,
,,,,jobs@flipswap.com,,"12/27/11, 10:33 AM",,,
,,,,job-725654771@craigslist.org,,"12/27/11, 10:33 AM",,,
,,,,jobs@collectiveclicks.com,,"12/27/11, 10:33 AM",,,
,,,,jparker@ostechnical.com,,"12/27/11, 10:33 AM",,,
,,,,lacorda@greggruth.com,,"12/27/11, 10:33 AM",,,
,,,,job-758284602@craigslist.org,,"12/27/11, 10:33 AM",,,
,,,,job-755261355@craigslist.org,,"12/27/11, 10:33 AM",,,
,,,,lindy@rhumblineaccounting.com,,"12/27/11, 10:33 AM",,,
,,,,job-758843166@craigslist.org,,"12/27/11, 10:33 AM",,,
,,,,careers@wwctrials.com,,"12/27/11, 10:33 AM",,,
,,,,tnguyen@equilar.com,,"12/27/11, 10:33 AM",,,
,,,,recruiting@gkmcapital.com,,"12/27/11, 10:33 AM",,,
,,,,Chris.Hauck@ajilon.com,,"12/27/11, 10:33 AM",,,
,,,,ADGFALA@hl.com,,"12/27/11, 10:33 AM",,,
,,,,mmorales@accountancynow.com,,"12/27/11, 10:33 AM",,,
,,,,R0902177106740@posttrak.arbita.net,,"12/27/11, 10:33 AM",,,
,,,,R3398177106651@posttrak.arbita.net,,"12/27/11, 10:33 AM",,,
,,,,job-738622045@craigslist.org,,"12/27/11, 10:33 AM",,,
,,,,terripotts@verizon.net,,"12/27/11, 10:33 AM",,,
,,,,job-741820507@craigslist.org,,"12/27/11, 10:33 AM",,,
,,,,job-741836617@craigslist.org,,"12/27/11, 10:33 AM",,,
,,,,job-742438139@craigslist.org,,"12/27/11, 10:33 AM",,,
,,,,bill.grady@mail.house.gov,,"12/27/11, 10:33 AM",,,
,,,,jobs@ez-data.com,,"12/27/11, 10:33 AM",,,
Ester,Agustin,,,EAgustin@dir.ca.gov,,"12/27/11, 10:33 AM",,,
,,,,e_rigonan@yahoo.com,,"12/27/11, 10:33 AM",,,
,,,,mshi@law888.com,,"12/27/11, 10:33 AM",,,
Jill,Malcolm,,,jobs@mozaikcorp.com,,"12/27/11, 10:33 AM",,,
,,,,bkoblin@bkacareers.com,,"12/27/11, 10:33 AM",,,
,hrlosangeles2@reedbusiness.com,,,hrlosangeles2@reedbusiness.com,,"1/9/08, 5:00 PM",,,
Leo,Rotenberg,,,leorotenberg@hotmail.com,,"1/8/08, 11:05 PM",,,
Kirill,Nech,,,"knech@uci.edu,kirillnech@gmail.com",,"1/8/08, 11:05 PM",,,
,jhornik@greatamerican.com,,,jhornik@greatamerican.com,,"1/9/08, 5:00 PM",,,
,michaelshanto@yahoo.com,,,michaelshanto@yahoo.com,,"1/9/08, 5:00 PM",,,
,craig.willis@adeccona.com,,,Craig.Willis@adeccona.com,,"1/9/08, 5:00 PM",,,
Jackie,Waldman,,,jjmwaldman@gmail.com,,"1/13/08, 5:53 PM",,,
Lev,Rotkop,,,dmwledmwe@fsae.com,,"1/11/08, 12:36 PM",,,
Vaagn,Sarkissian,,,vaagn2002@yahoo.com,,"3/26/13, 3:21 PM",,,
Tevis,Rybin,,,tevisrybin@yahoo.com,,"1/13/08, 11:59 AM",,,
Georgiy,Moreas,,,moreasjr@gmail.com,,"1/8/08, 10:53 PM",,,
Herb L.,Weinberg,,,hweinberg@mcguirewoods.com,,"12/27/11, 10:33 AM",,,
Frank,Wu,,,enjiot@gmail.com,,"1/8/08, 10:53 PM",,,
Stephen,Fairley,,,Stephen@TheRainmakerInstitute.com,,"4/23/15, 12:22 PM",,,
,job@thorgroup.com,,,job@thorgroup.com,,"1/9/08, 5:00 PM",,,
Dmitriy,Pindrik,,,dpindrik@gmail.com,,"1/8/08, 10:53 PM",,,
Pannu,Camille,,,camille.pannu@yale.edu,,"1/9/08, 5:00 PM",,,
,hmandel@jvsla.org,,,hmandel@jvsla.org,,"1/9/08, 5:00 PM",,,
Jun,Loayza,,,"jun.loayza@gmail.com,jun.loayza@theveridicalgroup.com",,"1/9/08, 5:00 PM",,,
Han,James,,,james.han@mercer.com,,"1/9/08, 5:00 PM",,,
,Chad@veritasprep.com,,,chad@veritasprep.com,,"1/9/08, 5:00 PM",,,
,hr-losangeles@thesportsclub.com,,,hr-losangeles@thesportsclub.com,,"1/9/08, 5:00 PM",,,
,mbizuneh@cornerstone.com,,,mbizuneh@cornerstone.com,,"1/9/08, 5:00 PM",,,
Lora,Vernik,,,,3239440771,"1/16/12, 1:38 PM",,,
,,,,kkakiuchi@ropers.com,,"1/16/12, 1:38 PM",,,
Mark,Eberstein,,,markeberstein@gmail.com,,"1/16/12, 1:38 PM",,,
Cedars,Sinai,,,,1 310-423-3927,"1/16/12, 1:38 PM",,,
Candy,Lau,,,,18056806456,"1/16/12, 1:38 PM",,,
Julia,Dyachenko,,,,(818) 317-5005,"1/16/12, 1:38 PM",,,
,,,,job-cgns4-2606616106@craigslist.org,,"12/27/11, 10:33 AM",,,
,,,,job-vnvje-2588660737@craigslist.org,,"12/27/11, 10:33 AM",,,
,,,,job-wefcs-2579458267@craigslist.org,,"12/27/11, 10:33 AM",,,
Artak,Oganesian,,,aoganesian@swlaw.edu,,"12/27/11, 10:33 AM",,,
ILDAR,GALYAMOV,,,Satoriconsult@yahoo.com,,"12/27/11, 10:33 AM",,,
,,,,hoga1856@gmail.com,,"12/27/11, 10:33 AM",,,
,,,,JusticeattheOU@gmail.com,,"12/27/11, 10:33 AM",,,
,,,,lhernandez@elllaw.com,,"12/27/11, 10:33 AM",,,
,lynette.vann@doj.ca.gov,,,lynette.vann@doj.ca.gov,,"12/27/11, 10:33 AM",,,
,,,,job-2vpfj-2613586959@craigslist.org,,"12/27/11, 10:33 AM",,,
kat,pascual,,,kat.pascual@gmail.com,,"12/27/11, 10:33 AM",,,
Kier,LaCrosse,,,kierlax@gmail.com,,"12/27/11, 10:33 AM",,,
Dmitriy,Pindrik,,,pindrik@usc.edu,,"12/27/11, 10:33 AM",,,
,,,,Paul.ambrosio@guidancesoftware.com,,"12/27/11, 10:33 AM",,,
Ira,Shafiroff,,,ishafiroff@swlaw.edu,,"12/27/11, 10:33 AM",,,
,,,,maurice.cox@finra.org,,"12/27/11, 10:33 AM",,,
,,,,externoffice@swlaw.edu,,"12/27/11, 10:33 AM",,,
,,,,job-rbm7d-2584790472@craigslist.org,,"12/27/11, 10:33 AM",,,
Chris,Fadul,,,chris.fadul@gmail.com,,"12/27/11, 10:33 AM",,,
,,,,rakalinsky@ou.org,,"12/27/11, 10:33 AM",,,
Michael,Dorff,,,mdorff@swlaw.edu,,"12/27/11, 10:33 AM",,,
,,,,HTFLAW@aol.com,,"12/27/11, 10:33 AM",,,
,,,,cmenkelmeadow@swlaw.edu,,"12/27/11, 10:33 AM",,,
,,,,ssauter@communitycareer.org,,"12/27/11, 10:33 AM",,,
,,,,gabeshapiro@yahoo.com,,"12/27/11, 10:33 AM",,,
Alexandra,D'Italia,,,AlexandraD@mindspring.com,,"12/27/11, 10:33 AM",,,
,,,,job-fvzfb-2614611669@craigslist.org,,"12/27/11, 10:33 AM",,,
,,,,job-bhan4-2634233258@craigslist.org,,"12/27/11, 10:33 AM",,,
Jeff,Sparks,,,jcs@mslitigators.com,,"12/27/11, 10:33 AM",,,
,,,,job-t5y9n-2590553852@craigslist.org,,"12/27/11, 10:33 AM",,,
,,,,job-vkjd4-2590631578@craigslist.org,,"12/27/11, 10:33 AM",,,
,,,,csoloski@gmail.com,,"12/27/11, 10:33 AM",,,
,,,,hrd@manningllp.com,,"12/27/11, 10:33 AM",,,
Christine,Chorba,,,christinechorba@yahoo.com,,"12/27/11, 10:33 AM",,,
,,,,tommy.harvey23@gmail.com,,"12/27/11, 10:33 AM",,,
,,,,job-7drq8-2611006926@craigslist.org,,"12/27/11, 10:33 AM",,,
,,,,extern@lasuperiorcourt.org,,"12/27/11, 10:33 AM",,,
,,,,job-u8fgu-2614064742@craigslist.org,,"12/27/11, 10:33 AM",,,
Jason,Rafanan,,,black86@gmail.com,,"12/27/11, 10:33 AM",,,
,,,,deann@sbblmb.com,,"12/27/11, 10:33 AM",,,
,,,,MichaelShee@hotmail.com,,"12/27/11, 10:33 AM",,,
,vincent,,,vhchang@gmail.com,,"12/27/11, 10:33 AM",,,
,,,,kwilliams@swlaw.edu,,"12/27/11, 10:33 AM",,,
,,,,usaghp@yahoo.com,,"12/27/11, 10:33 AM",,,
ivan,suslov,,,nepridymal@gmail.com,,"12/27/11, 10:33 AM",,,
,,,,dimitryk06@gmail.com,,"12/27/11, 10:33 AM",,,
,info-ya@yaeladventures.com,,,yaeladventures@netmailerinfo.info,,"12/27/11, 10:33 AM",,,
Haig,Kazandjian,,,hkazandjian@swlaw.edu,,"12/27/11, 10:33 AM",,,
,,,,Izabella.Stepanyan@guidancesoftware.com,,"12/27/11, 10:33 AM",,,
,,,,job-3a5dy-2585458903@craigslist.org,,"12/27/11, 10:33 AM",,,
,,,,pat@lataxlawyers.com,,"12/27/11, 10:33 AM",,,
,,,,job-zddgb-2590568949@craigslist.org,,"12/27/11, 10:33 AM",,,
,,,,job-2hghc-2639230547@craigslist.org,,"12/27/11, 10:33 AM",,,
,,,,rabbiweil@ou.org,,"12/27/11, 10:33 AM",,,
Richard,Jao,,,richardljao@yahoo.com,,"12/27/11, 10:33 AM",,,
Dinh,Luu,,,dinh@goldfarbluu.com,,"12/27/11, 10:33 AM",,,
Acuna,Gina,,,gacuna@cgdrblaw.com,,"12/27/11, 10:33 AM",,,
,,,,mfrost@swlaw.edu,,"12/27/11, 10:33 AM",,,
,kelsey4411,,,kelsey4411@gmail.com,,"12/27/11, 10:33 AM",,,
,,,,BMLaw1208@gmail.com,,"12/27/11, 10:33 AM",,,
,,,,marcus6@hirecounsel.com,,"12/27/11, 10:33 AM",,,
,,,,bdegyarfas@swlaw.edu,,"12/27/11, 10:33 AM",,,
Danielle,Wagner,,,daniellewagner12@yahoo.com,,"12/27/11, 10:33 AM",,,
Sascha,Muhawi,,,sascha_muhawi@yahoo.com,,"12/27/11, 10:33 AM",,,
Malek,Adel,,,madel@swlaw.edu,,"12/27/11, 10:33 AM",,,
,,,,cmccoy@lasuperiorcourt.org,,"12/27/11, 10:33 AM",,,
,,,,grotkop@swlaw.com,,"12/27/11, 10:33 AM",,,
,,,,bcc4929@gmail.com,,"12/27/11, 10:33 AM",,,
,,,,robert8246@yahoo.com,,"12/27/11, 10:33 AM",,,
,,,,lilstupidvitboi@gmail.com,,"12/27/11, 10:33 AM",,,
,,,,job-59yra-2608112498@craigslist.org,,"12/27/11, 10:33 AM",,,
,,,,career@voklaw.com,,"12/27/11, 10:33 AM",,,
Gor,Mnatsakanyan,,,gormnats@yahoo.com,,"12/27/11, 10:33 AM",,,
,,,,Angie.Karroum@disney.com,,"12/27/11, 10:33 AM",,,
,,,,info-ya@yaeladventures.com,,"12/27/11, 10:33 AM",,,
,,,,abarreno@swlaw.com,,"12/27/11, 10:33 AM",,,
,,,,abarreno3@yahoo.com,,"12/27/11, 10:33 AM",,,
Chang,Regina,,,Regina.Chang@espn.com,,"12/27/11, 10:33 AM",,,
,tsibel,,,tsibel@gmail.com,,"12/27/11, 10:33 AM",,,
Seth,Perry,,,Seth.Perry@halliburton.com,,"12/27/11, 10:33 AM",,,
,,,,job-774583719@craigslist.org,,"12/27/11, 10:33 AM",,,
,,,,job-777672968@craigslist.org,,"12/27/11, 10:33 AM",,,
,,,,job-777943276@craigslist.org,,"12/27/11, 10:33 AM",,,
,,,,job-767543889@craigslist.org,,"12/27/11, 10:33 AM",,,
,,,,job-769939301@craigslist.org,,"12/27/11, 10:33 AM",,,
,,,,brad@beaconecon.net,,"12/27/11, 10:33 AM",,,
,,,,PHIL_HAN@hotmail.com,,"12/27/11, 10:33 AM",,,
Stephen,Slater,,,s.slater@blucroix.com,,"12/27/11, 10:33 AM",,,
,,,,resumes@gibsondunn.com,,"12/27/11, 10:33 AM",,,
Corterz,2258,,,corjohnson@act-1.com,,"12/27/11, 10:33 AM",,,
,,,,job-763844771@craigslist.org,,"12/27/11, 10:33 AM",,,
,,,,JOBSW@ticketmaster.com,,"12/27/11, 10:33 AM",,,
,,,,job-768841432@craigslist.org,,"12/27/11, 10:33 AM",,,
,,,,job-773300068@craigslist.org,,"12/27/11, 10:33 AM",,,
,,,,Alison.Markatos@omd.com,,"12/27/11, 10:33 AM",,,
,,,,jobs@imtresidential.com,,"12/27/11, 10:33 AM",,,
,,,,University.Affairs.USNorthern@halliburton.com,,"12/27/11, 10:33 AM",,,
,,,,jgover@merchantsmetals.com,,"12/27/11, 10:33 AM",,,
,,,,kreardon@pathwayscompany.com,,"12/27/11, 10:33 AM",,,
David,Newson,,,dgn@quanteconomics.com,,"12/27/11, 10:33 AM",,,
,,,,job-730030446@craigslist.org,,"12/27/11, 10:33 AM",,,
,,,,EHernandez@communitypartners.org,,"12/27/11, 10:33 AM",,,
,,,,job-747593089@craigslist.org,,"12/27/11, 10:33 AM",,,
,,,,job-754582918@craigslist.org,,"12/27/11, 10:33 AM",,,
,,,,job-763626153@craigslist.org,,"12/27/11, 10:33 AM",,,
,,,,cheryl@pfssearch.com,,"12/27/11, 10:33 AM",,,
,,,,Zach@baronsmedia.com,,"12/27/11, 10:33 AM",,,
,,,,nflores@hdbuttercup.com,,"12/27/11, 10:33 AM",,,
,,,,job-757442208@craigslist.org,,"12/27/11, 10:33 AM",,,
,,,,jobs@flipswap.com,,"12/27/11, 10:33 AM",,,
,,,,job-725654771@craigslist.org,,"12/27/11, 10:33 AM",,,
,,,,jobs@collectiveclicks.com,,"12/27/11, 10:33 AM",,,
,,,,jparker@ostechnical.com,,"12/27/11, 10:33 AM",,,
,,,,lacorda@greggruth.com,,"12/27/11, 10:33 AM",,,
,,,,job-758284602@craigslist.org,,"12/27/11, 10:33 AM",,,
,,,,job-755261355@craigslist.org,,"12/27/11, 10:33 AM",,,
,,,,lindy@rhumblineaccounting.com,,"12/27/11, 10:33 AM",,,
,,,,job-758843166@craigslist.org,,"12/27/11, 10:33 AM",,,
,,,,careers@wwctrials.com,,"12/27/11, 10:33 AM",,,
,,,,tnguyen@equilar.com,,"12/27/11, 10:33 AM",,,
,,,,recruiting@gkmcapital.com,,"12/27/11, 10:33 AM",,,
,,,,Chris.Hauck@ajilon.com,,"12/27/11, 10:33 AM",,,
,,,,ADGFALA@hl.com,,"12/27/11, 10:33 AM",,,
,,,,mmorales@accountancynow.com,,"12/27/11, 10:33 AM",,,
,,,,R0902177106740@posttrak.arbita.net,,"12/27/11, 10:33 AM",,,
,,,,R3398177106651@posttrak.arbita.net,,"12/27/11, 10:33 AM",,,
,,,,job-738622045@craigslist.org,,"12/27/11, 10:33 AM",,,
,,,,terripotts@verizon.net,,"12/27/11, 10:33 AM",,,
,,,,job-741820507@craigslist.org,,"12/27/11, 10:33 AM",,,
,,,,job-741836617@craigslist.org,,"12/27/11, 10:33 AM",,,
,,,,job-742438139@craigslist.org,,"12/27/11, 10:33 AM",,,
,,,,bill.grady@mail.house.gov,,"12/27/11, 10:33 AM",,,
,,,,jobs@ez-data.com,,"12/27/11, 10:33 AM",,,
Ester,Agustin,,,EAgustin@dir.ca.gov,,"12/27/11, 10:33 AM",,,
,,,,e_rigonan@yahoo.com,,"12/27/11, 10:33 AM",,,
,,,,mshi@law888.com,,"12/27/11, 10:33 AM",,,
Jill,Malcolm,,,jobs@mozaikcorp.com,,"12/27/11, 10:33 AM",,,
,,,,bkoblin@bkacareers.com,,"12/27/11, 10:33 AM",,,
,,,,job-722068370@craigslist.org,,"12/27/11, 10:33 AM",,,
,,,,michelle@edebitpay.com,,"12/27/11, 10:33 AM",,,
,,,,amy.cliett@roberthalf.com,,"12/27/11, 10:33 AM",,,
,,,,job-732241258@craigslist.org,,"12/27/11, 10:33 AM",,,
,,,,hroffice202@aol.com,,"12/27/11, 10:33 AM",,,
,,,,CotsenResume08@aol.com,,"12/27/11, 10:33 AM",,,
,,,,job-705285294@craigslist.org,,"12/27/11, 10:33 AM",,,
,,,,bizpartner228@gmail.com,,"12/27/11, 10:33 AM",,,
American,Funding,,,americanfundingjobs@gmail.com,,"12/27/11, 10:33 AM",,,
Connie,Cullen,,,ccullen@williamoneil.com,,"12/27/11, 10:33 AM",,,
,,,,ccullen@willamoneil.com,,"12/27/11, 10:33 AM",,,
,,,,lisa.pinto@mail.house.gov,,"12/27/11, 10:33 AM",,,
,,,,bpark@ecamail.com,,"12/27/11, 10:33 AM",,,
Munzer,Katrina,,,Katrina.Munzer@sscims.com,,"12/27/11, 10:33 AM",,,
