From,To,Sent At,Message,Direction
"Andrew Beaupre, MBA  Outsourced CFO","Gary L. Rotkop, Esq.","6/14/18, 10:49 AM","Hi Gary, I came across your profile and thought it would make sense to connect. -Andrew",INCOMING
"Christina Lael, CPA, JD","Gary L. Rotkop, Esq.","6/2/18, 10:23 AM","Hi Gary,    As a fellow attorney, I thought you might like to connect.  Thanks!    Christina Lael, CPA, JD",INCOMING
Christine Corpus,"Gary L. Rotkop, Esq.","5/15/18, 4:40 PM",,INCOMING
dan master,"Gary L. Rotkop, Esq.","5/20/18, 1:27 PM",,INCOMING
Artin Kasparian,"Gary L. Rotkop, Esq.","5/17/18, 10:22 AM","Hi Gary,  I'd love to connect!  Artin @ www.dailycomputers.com",INCOMING
Nora Bennett,"Gary L. Rotkop, Esq.","5/12/18, 12:01 PM",,INCOMING
Vanessa Pierre,"Gary L. Rotkop, Esq.","4/28/18, 6:52 AM",,INCOMING
Ylenia Mino,"Gary L. Rotkop, Esq.","4/14/18, 8:43 PM",,INCOMING
Shannon L. Tulloss,"Gary L. Rotkop, Esq.","3/22/18, 3:27 PM","Hi Gary:  It's great to find you and connect here on LinkedIn!  Warmest regards,  Shannon Tulloss",INCOMING
Brian Lauter,"Gary L. Rotkop, Esq.","3/23/18, 3:37 PM","Gary,   I'm sorry I didn't get a chance to say hello at the Century City TEN meeting the other day.  We'll still have to get together for coffee or lunch soon.  In the meantime, I thought we could connect here.  Have a great weekend!  Brian",INCOMING
Ben Domino,"Gary L. Rotkop, Esq.","3/20/18, 1:05 AM",,INCOMING
Joe Nicoletti,"Gary L. Rotkop, Esq.","3/7/18, 6:38 PM",,INCOMING
Adam Hess,"Gary L. Rotkop, Esq.","3/4/18, 9:11 AM",,INCOMING
John Lazor,"Gary L. Rotkop, Esq.","2/26/18, 10:23 PM",,INCOMING
Ryan Robles,"Gary L. Rotkop, Esq.","2/15/18, 5:27 PM",,INCOMING
Kala Maxym,"Gary L. Rotkop, Esq.","2/12/18, 2:54 PM",,INCOMING
Emily Serebryany,"Gary L. Rotkop, Esq.","2/9/18, 11:26 AM",Greetings Gary! It was a pleasure to connect with you this morning at the Beverly Hills Chamber of Commerce Networking Breakfast! I look forward to collaborating on future endeavors!,INCOMING
"Ernesto Maldonado, MBA","Gary L. Rotkop, Esq.","2/8/18, 10:13 AM","Very impressive profile, Gary!  If you are ever in the OC area lets connect!!  I think we can partner greatly together!",INCOMING
Stella Lerner,"Gary L. Rotkop, Esq.","2/8/18, 7:01 AM",,INCOMING
Kayvan Abselet,"Gary L. Rotkop, Esq.","1/26/18, 10:42 AM",,INCOMING
Jeffrey Kromhout,"Gary L. Rotkop, Esq.","1/26/18, 12:05 PM",,INCOMING
Hemant Kumar,"Gary L. Rotkop, Esq.","1/16/18, 9:31 PM",,INCOMING
Melissa Wang,"Gary L. Rotkop, Esq.","1/15/18, 8:37 AM",I’d like to add you to my professional network,INCOMING
Bobby Dixon,"Gary L. Rotkop, Esq.","1/11/18, 12:31 PM",,INCOMING
Gary Tsymbaloff,"Gary L. Rotkop, Esq.","12/26/17, 3:53 PM",,INCOMING
Leandro M Pucci,"Gary L. Rotkop, Esq.","12/22/17, 2:45 PM",,INCOMING
Rebecca Pedooem,"Gary L. Rotkop, Esq.","12/26/17, 10:57 AM",,INCOMING
"Gary L. Rotkop, Esq.","Joseph Kim, BPA","6/14/18, 12:14 PM",,OUTGOING
"Gary L. Rotkop, Esq.",Eddie Neiman,"6/14/18, 12:13 PM",,OUTGOING
"Gary L. Rotkop, Esq.",Jen Thomas,"4/30/18, 3:09 PM",,OUTGOING
"Gary L. Rotkop, Esq.",John Yates,"6/5/18, 5:27 PM",,OUTGOING
"Gary L. Rotkop, Esq.",David Fernandes,"6/6/18, 4:00 PM",,OUTGOING
"Gary L. Rotkop, Esq.",David Connelly,"6/5/18, 5:08 PM",,OUTGOING
"Gary L. Rotkop, Esq.",Neil Sunkin,"6/5/18, 5:26 PM",,OUTGOING
"Gary L. Rotkop, Esq.",Troy Gregory,"5/16/18, 3:43 PM",,OUTGOING
"Gary L. Rotkop, Esq.",Jonathan Drexler,"5/21/18, 11:42 AM",,OUTGOING
"Gary L. Rotkop, Esq.",Michael Bourke,"5/17/18, 2:33 PM",,OUTGOING
"Gary L. Rotkop, Esq.",Ernest Goodman,"5/11/18, 4:24 PM",,OUTGOING
"Gary L. Rotkop, Esq.",Arthur Lensky,"5/7/18, 1:24 PM",,OUTGOING
"Gary L. Rotkop, Esq.",Kevin Gres,"3/29/18, 12:06 PM",,OUTGOING
"Gary L. Rotkop, Esq.",Viviana Harvey,"10/29/17, 1:55 PM",,OUTGOING
"Gary L. Rotkop, Esq.",Carolynne Dyner,"4/5/18, 2:34 PM",,OUTGOING
"Gary L. Rotkop, Esq.",Sara Poster,"4/3/18, 2:49 PM",,OUTGOING
"Gary L. Rotkop, Esq.",DMITRY GORIN,"3/24/18, 7:19 PM",,OUTGOING
"Gary L. Rotkop, Esq.",Brad Kuenning,"3/24/18, 7:19 PM",,OUTGOING
"Gary L. Rotkop, Esq.",Azadeh Samimi,"10/29/17, 1:43 PM",,OUTGOING
"Gary L. Rotkop, Esq.",Frank Wu,"3/12/18, 4:22 PM",,OUTGOING
"Gary L. Rotkop, Esq.",Bryan Chesters,"10/29/17, 1:46 PM",,OUTGOING
"Gary L. Rotkop, Esq.",leo.rotenberg@gmail.com,"3/12/18, 4:22 PM",,OUTGOING
"Gary L. Rotkop, Esq.",Dimitry Czar,"3/12/18, 4:22 PM",,OUTGOING
"Gary L. Rotkop, Esq.",Vaagn Sarkissian,"3/12/18, 4:22 PM",,OUTGOING
"Gary L. Rotkop, Esq.",Joynier Lockett,"3/8/18, 2:01 PM",,OUTGOING
"Gary L. Rotkop, Esq.",Joowhye Nam Jeong ,"10/29/17, 1:49 PM",,OUTGOING
"Gary L. Rotkop, Esq.",Marek Swiderski,"10/29/17, 1:40 PM",,OUTGOING
"Gary L. Rotkop, Esq.",Chad Nowak,"2/6/18, 12:01 PM",,OUTGOING
"Gary L. Rotkop, Esq.",Marc Maretsky,"2/6/18, 10:31 AM",,OUTGOING
"Gary L. Rotkop, Esq.",Rebecca Slivka,"10/29/17, 1:53 PM",,OUTGOING
"Gary L. Rotkop, Esq.",Edgar Cho,"9/19/17, 10:40 AM",,OUTGOING
"Gary L. Rotkop, Esq.",Hannah McCarthy,"1/26/18, 12:47 PM",,OUTGOING
"Gary L. Rotkop, Esq.",MiShawn Williams,"10/29/17, 1:52 PM",,OUTGOING
"Gary L. Rotkop, Esq.",Chad Hoffman,"1/24/18, 5:03 PM",,OUTGOING
"Gary L. Rotkop, Esq.",Kayvan Abselet,"10/29/17, 1:50 PM",,OUTGOING
"Gary L. Rotkop, Esq.",Thomas Fiebig,"11/1/17, 1:28 PM",,OUTGOING
"Gary L. Rotkop, Esq.",Alex Freiman,"10/29/17, 1:30 PM",,OUTGOING
"Gary L. Rotkop, Esq.",Karl Niehaus,"12/12/17, 8:41 AM",,OUTGOING
"Gary L. Rotkop, Esq.","Barbara Schwartz, EA, MAAA","8/29/17, 9:53 AM",,OUTGOING
"Gary L. Rotkop, Esq.",Robert Drapeau,"10/29/17, 1:45 PM",,OUTGOING
"Gary L. Rotkop, Esq.",Sam Robinson,"10/29/17, 1:54 PM",,OUTGOING
"Gary L. Rotkop, Esq.","Peter Weinberger, Esq.","12/28/17, 10:45 AM",,OUTGOING
"Gary L. Rotkop, Esq.",George Kaiteris,"12/28/17, 10:01 AM",,OUTGOING
"Gary L. Rotkop, Esq.",Charles Shamash,"10/29/17, 1:46 PM",,OUTGOING
