From,To,Date,Subject,Content,Direction,Folder
"Ernesto Maldonado, MBA","Gary L. Rotkop, Esq.","6/12/18, 11:58 AM",,"Gary, just wanted to drop a quick note.  I have changed banks and I am working with a lot of attorneys on M&A and being the QI between deals.  I wanted to see if you know any attorneys in the L.A area that work in this space that you can shoot me an intro to.",INCOMING,INBOX
Bob Friedenthal,"Gary L. Rotkop, Esq.","6/8/18, 2:23 PM",,"Linkedin Bootcamp Saturday June 16, 2018   Learning LinkedIn Educational Event. LinkedIn will Change Your Business!  You will leave this event knowing how to turn your LinkedIn connections into clients or referral partners.  Presented by New York Life Insurance Company  Africa De Broeck Agent, Lic #0E26960  Albert E. Belilos, J.D. Registered Representative Lic. #OL75723    This important event will take place at: New York Life Insurance Company 801 N. Brand Blvd. #350  Glendale CA 91203 Saturday, June 16, 2018 11:30-12:30 pm  Register early. There is limited seating available. https://www.eventbrite.com/e/linkedin-bootcamp-saturday-june-16-2018-tickets-46694990975  This event is sponsored by Edge Up Network, Get an Edge Up on Your Competition.  Or please confirm your reservation by calling: 310 736-5787",INCOMING,INBOX
"Christina Lael, CPA, JD","Gary L. Rotkop, Esq.","6/2/18, 10:23 AM",,"Hi Gary,    As a fellow attorney, I thought you might like to connect.  Thanks!    Christina Lael, CPA, JD",INCOMING,INBOX
Nora Bennett,"Gary L. Rotkop, Esq.","5/26/18, 12:50 PM",,"Hi Gary,  We would like to invite you to our networking event for investors and startups.  The event will take place on the evening of June the 12th in Santa Monica. It will be attended by leading angel investors and VCs. You can reserve places here: www.paradigmtalks.la  Thanks,  Nora",INCOMING,INBOX
Rachael at,"Gary L. Rotkop, Esq.","5/21/18, 11:42 AM",Hiring? Get $50 off your first job post,"Hi Gary L.,Thank you for being a valuable member of LinkedIn!As a special gift, we'd like to give you $50 toward your LinkedIn Job Posts.Unlike traditional job boards where jobs sit waiting to be found, LinkedIn Jobs work to find and engage the most qualified talent in our 500M+ member network. Here&rsquo;s how it works:You provide what's important to you in your job description.We'll automatically match your job to members with the right skills and experience based on their profile.We recommend your jobs to top quality candidates on their LinkedIn feed, mobile phones, and inbox.Result: You get a qualified applicant pool to choose from.Post your job with a $50 credit today.We&rsquo;re excited to help you find that next great hire.",INCOMING,INBOX
Aleea Cherry,"Gary L. Rotkop, Esq.","5/18/18, 10:57 AM","Music & Content Licensing Attorney, LA","Hi Gary L.,   A Senior Counsel role for an Attorney in Music and Content Licensing  role has become available at an exciting a tech company underpinned by AI and mobile Internet,  in Santa Monica, CA.  Its flagship app is one of the fastest growing mobile products in China, initiated personalized information flow, thereby creating anew way to connect people with information through massive information gathering, in-depth data mining and user behaviour analysis.  The Company is seeking an experienced music & content licensing lawyer with an aptitude for technology to join  the team and work closely with internal business teams to support the negotiations with record label companies, music publishers and other partners across the music and content licensing industry.  Responsibilities & Qualifications • Support the Company’s business development team in executing their music licensing strategy across labels, publishers, and PROs; • Draft and review the partnership agreements with music and content stakeholders; • Coordinate with product and engineering teams in connection with product development related to licensing; and • JD with admission to at least one state bar; • 5+ years of relevant music licensing experience, including hands-on experience negotiating deals with music labels, publishers, and PROs in the digital space; • In-house experience, working with digital music distribution platforms, online services, apps, and innovative technologies is preferred This exciting new start up firm will provide the successful candidate the chance to grow with an already growing company that is valued at $20 billion, so the potential for growth is extremely high, where you could be at the forefront of the strategic team for growth. Apply today by emailing a copy of your resume direct to aleea.cherry@robertwalters.com. Kind regards Aleea   Aleea Cherry Executive Recruiter - Legal at Robert Walters",INCOMING,INBOX
"Andrew Beaupre, MBA  Outsourced CFO","Gary L. Rotkop, Esq.","4/24/18, 9:07 AM",,"Hi Gary, I came across your profile and thought it would make sense to connect. -Andrew",INCOMING,INBOX
ION Media,"Gary L. Rotkop, Esq.","4/13/18, 5:45 PM",ION Television Quality Shows,"Hello Gary L.,At ION TELEVISION, QUALITY SHOWS. It&rsquo;s about more than just our top-tier programming, with hit series like NCIS: Los Angeles, Law &amp; Order: SVU, Criminal Minds, Blue Bloods, CSI, and the new original series Private Eyes. It points to the value of our engaged viewers, top-10 audience, and our promise to advertisers.With coverage in 141 markets and access to a growing OVER-THE-AIR audience, ION is blanketing the U.S. like never before, reaching all top-25 markets and 47 of the top 50.ION also ranks among the top 10 in four key viewer ENGAGEMENT&nbsp;categories, including live viewing, monthly viewing hours, length of tune-in and monthly frequency.Advertisers rely on trust, and we consistently DELIVER on our promise &ndash; every quarter, every year, GUARANTEED. When looking for the most strategic place to buy time, RELIABILITY, CONSISTENCY, COMMITMENT and QUALITY are essential in making the most effective investment possible. Go to&nbsp;iontelevision.com/qualityshows to see how ION&lsquo;s quality shows.",INCOMING,INBOX
"Jan Shegda, MA, PCC","Gary L. Rotkop, Esq.","3/28/18, 12:35 PM",,"Gary it was a pleasure meeting with you yesterday and thanks for the tea! I'll keep you in mind as I have local clients or colleagues in need of your services. All the best, Jan",INCOMING,INBOX
Brian Lauter,"Gary L. Rotkop, Esq.","3/23/18, 3:36 PM",,"Gary,   I'm sorry I didn't get a chance to say hello at the Century City TEN meeting the other day.  We'll still have to get together for coffee or lunch soon.  In the meantime, I thought we could connect here.  Have a great weekend!  Brian",INCOMING,INBOX
"Jim Hjort, LCSW","Gary L. Rotkop, Esq.","3/21/18, 10:23 AM",Invite to join this group,I would like to invite you to join this group on LinkedIn,INCOMING,INBOX
"Jim Hjort, LCSW","Gary L. Rotkop, Esq.","3/21/18, 10:05 AM",,"Hi Gary,  Hope all's well; I continue to think about ways that we might be able to join forces to effect positive change in a comprehensive way for people and their companies.   I'm reaching out today for a related reason, really: I've just launched a new LinkedIn group for leaders, executives, professionals, and other individuals interested in human well-being, leadership, corporate wellness, and professional success.  It's called the Workplace Wellness and Leadership Lab, and you can check it out here: https://www.linkedin.com/groups/13585012.  In this group, I curate the latest research and thought from the fields of psychology, neurobiology, sociology, and other life and social sciences, as it pertains to the intersection of personal, professional, and organizational wellness.   I also want the Lab to serve as a community of like-minded peers who can benefit from each other's experience.  So, today is the Lab's ""soft launch,"" and I'm inviting a small, select group of people to join it. People like you, whom I know personally and/or have been connected with for a long time—and whom I think have an interest in professional and organizational thriving and a valuable perspective on these topics.  I'd love for you to join the group as one of the ""founding members,"" and begin discussing some of the content I've shared. This way, we can establish a good foundation for the group before I open it up to broader membership in a few weeks.   Also, please feel free to invite anyone to the group who you think would be interested in learning and contributing.   Please just go here (https://www.linkedin.com/groups/13585012) and join the group, and leave a comment or introduce yourself, and let's kick this thing off! (I'll also send you a formal group invitation.)   Thank you, and I'll look forward to connecting with you in this new way.   Warmest regards...Jim",INCOMING,INBOX
Alex Hisaka,"Gary L. Rotkop, Esq.","3/20/18, 12:12 PM",Thanks for being an active LinkedIn member,"Hi Gary L.,Based on your recent LinkedIn activity, I'd like to offer you a special gift - a free trial of Sales Navigator!Sales Navigator gives you the following additional features:20 InMail messages&nbsp;(per month) so you can contact anyone, even if you're not connectedWho's Viewed Your Profile, to see everyone who viewed your profile over the last 90 daysUnlimited Searches&nbsp;with special filters including Job Function, Seniority Level, and GroupsActionable Insights and News&nbsp;that keep you updated on your Saved Accounts and LeadsLead Recommendations&nbsp;to help you find the right prospects at target accountsStart your&nbsp;free trial today.Sincerely,Alex&nbsp;&amp; the Sales Navigator Team",INCOMING,INBOX
Bryan Flores,"Gary L. Rotkop, Esq.","3/5/18, 2:59 PM",,Sounds great congrats on the baby. That’s good it’s working out for you.  I got a 20M dollar client towards the end of last year so it’s made my life pretty easy lately now I need another one lol. Good to hear from you. ,INCOMING,INBOX
Bryan Flores,"Gary L. Rotkop, Esq.","3/2/18, 2:26 PM",,"Hello Gary,   Longtime no talk just wanted to touch base and see how everything is going. How have you been? How is BNI working for you?   Best Regards,  Bryan Flores",INCOMING,INBOX
Emily Serebryany,"Gary L. Rotkop, Esq.","2/9/18, 11:25 AM",,Greetings Gary! It was a pleasure to connect with you this morning at the Beverly Hills Chamber of Commerce Networking Breakfast! I look forward to collaborating on future endeavors!,INCOMING,INBOX
"Ernesto Maldonado, MBA","Gary L. Rotkop, Esq.","2/8/18, 10:13 AM",,"Very impressive profile, Gary!  If you are ever in the OC area lets connect!!  I think we can partner greatly together!",INCOMING,INBOX
Melissa Wang,"Gary L. Rotkop, Esq.","1/15/18, 8:17 AM",,I’d like to add you to my professional network,INCOMING,INBOX
Alex Hisaka,"Gary L. Rotkop, Esq.","1/11/18, 2:10 PM",Measure your sales performance on LinkedIn,"Hi&nbsp;Gary L.,Salespeople who excel at social selling are creating more opportunities and are 51% more likely to hit quota. It is because of this massive potential that measurement of social selling efforts is more important in 2018.The Social Selling Index Kit (SSI) has everything you need to help you understand, measure, and improve the effectiveness of your individual sales activities on LinkedIn.What&rsquo;s inside the kit?Video: The Essential SSI OverviewInfographic: The New Formula for Social SellingOn-demand Webinar: Social Selling 101Guide: How ANSYS Managed Sales Rep Behaviors Through SSIRegards,Alex HisakaHead of Global Content Marketing",INCOMING,INBOX
Anastasia Makowski,"Gary L. Rotkop, Esq.","12/13/17, 8:43 PM",,Thank you! I'll reach out to Ben to find out more. I am close with him through the Chamber. See you soon :),INCOMING,INBOX
Anastasia Makowski,"Gary L. Rotkop, Esq.","12/13/17, 1:38 PM",,"Hi-hi! To be honest, it was just OK. I think that BHChamber mixers are more organized and with higher turnouts. I'll check out the Rotary lunch next time. Thanks :)",INCOMING,INBOX
Debra LaCoppola,"Gary L. Rotkop, Esq.","12/2/17, 1:16 PM",,Thank you very much,INCOMING,INBOX
Max Perzon,"Gary L. Rotkop, Esq.","11/13/17, 11:11 PM",,"Hi Gary,  We recently connected and I just wanted to reach out to say thanks and that I’m looking forward to keeping in touch.  To Your Success! Max https://perzonseo.com",INCOMING,INBOX
Brooke Lefton,"Gary L. Rotkop, Esq.","11/8/17, 12:34 PM",,"Hi Gary, It’s great connecting with you, do you have time this week to chat on the phone?",INCOMING,INBOX
American Express,"Gary L. Rotkop, Esq.","11/7/17, 10:25 AM",You’re invited to apply for the Business Gold Rewards Card,"Hello Gary L.,Get business done and earn rewards at the same time. Choose the category where you spend the most and watch the points add up faster. The Business Gold Rewards Card puts the control back where it belongs &mdash; in your hands.&nbsp;Choose 3X points from one of the 5 categories below.Airfare purchased directly from airlinesU.S. purchases for advertising in select mediaU.S. purchases at gas stationsU.S. purchases for shippingU.S. computer hardware, software, and cloud computing purchases made directly from select providersGet 2X points on the 4 remaining categories.Get 1X points on other purchases.Terms and limitations apply.1&nbsp;3X and 2X apply to the first $100,000 in purchases in each of the 5 categories per year, 1X point per dollar thereafter.Plus, earn 50,000 Membership Rewards&reg; points after you spend $5,000 in purchases on the Card within your first 3 months of Card Membership.2Annual Fee: $0 introductory annual fee for the first year, then $1753Start saying yes to rewarding your business with the Business Gold Rewards Card.Sincerely,Audrey HendleySenior Vice President &amp; General Manager, OPEN Product Management",INCOMING,INBOX
Nicole Terzic,"Gary L. Rotkop, Esq.","10/26/17, 3:28 PM",Inside look into LinkedIn's Sales Navigator,"Hi&nbsp;Gary,Being a sales professional today is more complex than ever before - there are more decision makers, heightened expectations, and lower patience for sales outreach.What if you could avoid these pitfalls?Join us on November 1st for a LinkedIn webinar to learn how Sales Navigator can help your sales team:Target the right buyers and companiesUnderstand your prospects and their businessEngage buyers with personalized outreachExceed sales goalsWe hope you can make it! Thanks,Nicole Terzic",INCOMING,INBOX
Effie Stern,"Gary L. Rotkop, Esq.","10/19/17, 9:18 AM",,"Pleasure to ""meet"" you. Let me know if you, or your team, are ever in need of any corporate filing services or registered agent assistance. My company prides ourselves on our personable service as well as quick turnaround all delivered at cost effective rates. Looking forward to connecting!",INCOMING,INBOX
Dale Johnsen,"Gary L. Rotkop, Esq.","10/12/17, 11:55 AM",RE: Stonehaus Mixer,"Join us at our next Stonehaus Mixer!  An engaging mixer, designed for you to network and make meaningful contacts through memorable conversations with potential partners and clients.  Come meet, mingle and network with other professionals in your area!  Re-connect with your existing clients! Or break the ice with a new client!  Free food and 1st 20 people free glass of wine.  LOCATION: The Stonehaus, 32039 Agoura Rd Westlake Village, CA 91361 DATE: Tuesday, October 17, 2017 TIME: 5:30pm - 6:30pm PST  REGISTER: https://www.eventbrite.com/e/stonehaus-edge-up-network-professional-mixer-tickets-38639770594  An event organized by Edge Up Networks  FOR FULL EVENT LIST: www.edgeupnetwork.eventbrite.com",INCOMING,INBOX
Max Perzon,"Gary L. Rotkop, Esq.","10/9/17, 8:31 AM",,I'd like to add you to my professional network on LinkedIn.    —Max,INCOMING,INBOX
Andrey Knyazik,"Gary L. Rotkop, Esq.","10/9/17, 8:20 AM",,Thank you Gera. Let me know when you're up around SJ next time. We should def chill!,INCOMING,INBOX
Rachel S. Lee,"Gary L. Rotkop, Esq.","9/30/17, 5:16 PM",,"Hey Gary, hope you are doing well. What new in your world? I thought of you because I'm going to this online marketing conference in SoCal October 13-15. Its an event with entrepreneurs, speakers, consultants, coaches, and businesses owners and I thought it would be right up your alley.  They are teaching the latest social media marketing strategies, including Facebook, Linkedin, Instagram, and Youtube.  I went last time and it was life changing. Got to make friends with all the 7 figure speakers and learned a lot about automating my business and marketing. I'm going to get a small group of people together for lunch on the Saturday so we can mastermind together.   I can send you more info if you'd like. -Rachel S. Lee",INCOMING,INBOX
Cys Bronner,"Gary L. Rotkop, Esq.","9/28/17, 10:55 AM",,,INCOMING,INBOX
Emily Levin,"Gary L. Rotkop, Esq.","9/28/17, 9:26 AM",,,INCOMING,INBOX
Lisa Gray,"Gary L. Rotkop, Esq.","9/27/17, 3:38 PM",,,INCOMING,INBOX
Irene Shpolyansky,"Gary L. Rotkop, Esq.","9/21/17, 1:13 PM",,You are funny. Don't even worry about it. You were fine!,INCOMING,INBOX
Irene Shpolyansky,"Gary L. Rotkop, Esq.","9/20/17, 5:07 PM",,Thanks,INCOMING,INBOX
Kat Pascual,"Gary L. Rotkop, Esq.","9/19/17, 9:05 AM",,Thanks. It's for a friend but will let you know.,INCOMING,INBOX
Kat Pascual,"Gary L. Rotkop, Esq.","9/18/17, 11:16 AM",,Hey German! You know of any divorce lawyers you can refer me to?,INCOMING,INBOX
Michael N. Cohen,"Gary L. Rotkop, Esq.","9/9/17, 5:13 PM",,,INCOMING,INBOX
Debra LaCoppola,"Gary L. Rotkop, Esq.","9/8/17, 6:44 PM",,"Have a Great weekend, touch base on Monday when I have a better idea of my schedule:))",INCOMING,INBOX
Debra LaCoppola,"Gary L. Rotkop, Esq.","9/8/17, 6:44 PM",,"Thanks Gary, nice to see you too. I will schedule a in person meeting so we can discuss my needs.",INCOMING,INBOX
Debra LaCoppola,"Gary L. Rotkop, Esq.","9/7/17, 9:13 PM",,"Thanks Gary, will do.",INCOMING,INBOX
Debra LaCoppola,"Gary L. Rotkop, Esq.","9/7/17, 5:32 PM",,"Hi Gary! Hope this finds you well. I was just speaking to my friend Valerie Dufix and she mentioned you might be the right person for me to speak to about a possible contract I need help with. Do you have an initial consultation fee? I would like to schedule a time to speak with you next week, if possible. Please let me know. Thanks Gary. Looking forward.",INCOMING,INBOX
"Peter Garcia, MBA","Gary L. Rotkop, Esq.","9/7/17, 3:45 PM",,"Hi Gary, I didn't get to tell you last time we saw each other but I am so happy for you. I believe ensuring a path for the next generation is immensely rewarding and I hope feel that reward.  ",INCOMING,INBOX
Tony Robbins,"Gary L. Rotkop, Esq.","9/1/17, 9:33 PM",The secret to business success,"Gary-As a founder or partner in over 30 companies with annual sales of $5 billion, I&rsquo;ve spent 40 years perfecting a method to discover the strengths and weaknesses of my businesses. My strategies have landed me as one of the &ldquo;Top 6 Business Leaders in the World&rdquo; by American Express and &ldquo;The CEO Whisperer&rdquo; by Fortune Magazine.Using my own experience, along with some of the greatest minds in business, I&rsquo;ve created a complimentary evaluation&nbsp;for you to use in your own business. In 5 minutes, you will gain a clear understanding of where your business really is and how you can take it to the next level. Find out the reasons your business isn&rsquo;t scaling and discover the seven areas that will make or break your business.Do you know the #1 chokehold on your business?Learn the core strategies that will help you overcome all these challenges. I encourage you to take this evaluation now to start creating massive growth in your business. Your competitors are stepping up &ndash; will you?To your success,Tony Robbins&nbsp;",INCOMING,INBOX
Debra LaCoppola,"Gary L. Rotkop, Esq.","8/31/17, 2:45 PM",,That sounds good Gary!  Let's stay in touch. Looking forward to seeing you at the next event. Have a great long weekend!,INCOMING,INBOX
Debra LaCoppola,"Gary L. Rotkop, Esq.","8/31/17, 2:04 PM",,"Hi Gary! Great to meet you on Tuesday night at the Beverly Hills Mixer.  I would love speak with you about creating content for your social media, website ect.  If you are interested, we can meet for coffee along with our marketing person, where we can walk you thru the many benefits and results of marketing with high end content. Let's set something up next week in Beverly Hills.  Does Wednesday afternoon work? Looking forward to connecting. Best, Debra",INCOMING,INBOX
"David Gharakhanian, Jr.","Gary L. Rotkop, Esq.","8/22/17, 4:56 PM",,that works,INCOMING,INBOX
"David Gharakhanian, Jr.","Gary L. Rotkop, Esq.","8/22/17, 4:05 PM",,"sure, how about after i get back from my trip. mid/late september?",INCOMING,INBOX
"David Gharakhanian, Jr.","Gary L. Rotkop, Esq.","8/22/17, 3:56 PM",,just more business for you is all i'm suggesting,INCOMING,INBOX
"David Gharakhanian, Jr.","Gary L. Rotkop, Esq.","8/22/17, 3:56 PM",,you can also engage in pre-litigation mediation on a case,INCOMING,INBOX
"David Gharakhanian, Jr.","Gary L. Rotkop, Esq.","8/22/17, 3:56 PM",,"it's just a thought. that way, you keep the relationship with teh client. if things get too dicey, you refer it out, but if it's a fairly straightforward business dispute, you write a letter or two, get on a phone call, perhaps send a ""draft"" complaint, then punt if necessary",INCOMING,INBOX
"David Gharakhanian, Jr.","Gary L. Rotkop, Esq.","8/22/17, 3:52 PM",,"question: have you considered marketing handling of business disputes, etc. prior to litigation? you can probably help your clients avoid tons of lawsuits.",INCOMING,INBOX
"David Gharakhanian, Jr.","Gary L. Rotkop, Esq.","8/22/17, 3:52 PM",,"thanks dude, ditto!",INCOMING,INBOX
Rachel S. Lee,"Gary L. Rotkop, Esq.","8/13/17, 1:02 PM",,"Hello Gary!  Thanks for connecting! If you Google search “hollywood SEO” you will find our company White Noise Digital on the first page….we can do the same for your law practice, keywords and city. Can I tell you about how it works?  Cheers,  -Rachel S. Lee",INCOMING,INBOX
Marko Malherbe,"Gary L. Rotkop, Esq.","8/11/17, 10:52 AM",,"Hi Gary,  I just wanted to connect with a fellow BHCC member!  Happy Friday!  Marko ",INCOMING,INBOX
Vivian Chan,"Gary L. Rotkop, Esq.","7/3/17, 11:32 AM",Get the Fundamentals of Social Selling,,INCOMING,INBOX
Polina Kohan,"Gary L. Rotkop, Esq.","6/29/17, 8:53 AM",,Thank you :)),INCOMING,INBOX
Victoria Pindrik,"Gary L. Rotkop, Esq.","6/20/17, 4:18 PM",,Thank you :) exciting new journey !,INCOMING,INBOX
"Elizabeth Wilson, MBE","Gary L. Rotkop, Esq.","6/6/17, 5:28 PM",,Perhaps I'll see you at one of those! I'll give you a heads up if I schedule one! It's always nice to see a friendly face!,INCOMING,INBOX
"Elizabeth Wilson, MBE","Gary L. Rotkop, Esq.","6/6/17, 5:27 PM",,Thanks,INCOMING,INBOX
"Elizabeth Wilson, MBE","Gary L. Rotkop, Esq.","6/6/17, 4:37 PM",,"Hi Gary! I like the new pic! I was in Westwood a week or so ago and thought of you! I hope all is going well for you!   I've been to a few other networking events but they seem to veer toward social only.  I so appreciate your level of professionalism and the opportunity to meet with you one on one. Though I haven't yet been able to introduce you to any fruitful connections, I will certainly keep you in mind if I can do so in the future.  Best regards, Elizabeth",INCOMING,INBOX
Brittney Ford,"Gary L. Rotkop, Esq.","6/1/17, 11:17 AM",,"Okay, thank you for your assistance. If a possible bussiness transaction occurs in leiu of litigation what would be the costs of drafting a contract and negotiating terms?",INCOMING,INBOX
Brittney Ford,"Gary L. Rotkop, Esq.","6/1/17, 10:33 AM",,"I have been saving funds to file a patent application but by the time I have attained the capital to do so, I noticed an organization called BIG (m.big.dk)  who apparently owns a number of patents for architectural designs has been gradually adding components of Eco Comfortable Project's program language for teaching sustainability to college students while housing them to their eerily similar design of shipping container student housing based in Denmark. It seems as though the founder has also been surveying my every move on social media and our webpage and adding elements of my program to his for profit dorm complex in Denmark (Which recently has adopted a housing solution for students in need of a home)the very organization I am running. Initially, they were offering these units as for profit homes for students but this seems to slowly be transforming into my exact program. This feels overwhelming like unfair competition.   My budget is limited but I am in urgent need of assistance.",INCOMING,INBOX
Brittney Ford,"Gary L. Rotkop, Esq.","5/31/17, 11:22 AM",,"Hey Gary, I need an consulting session, about how much would it cost for two hours of your time?",INCOMING,INBOX
Marianne Mlechick,"Gary L. Rotkop, Esq.","5/12/17, 1:21 PM",,"Gary do you have a few minutes to consider adding a live, personable human receptionist to boost your customer service over the telephone?   Abby Connect is disrupting the entire customer experience by WOW'ing callers over the phone and making you look good with a team of offsite receptionists that answer your calls remotely.   Thanks!  Marianne",INCOMING,INBOX
Sean Sanchez,"Gary L. Rotkop, Esq.","5/9/17, 4:47 PM",,"Hello Gary,  I hope you are doing well.  I am trying to expand and promote my business.  I am always on the look out for new talent. So if you or someone you know is looking for part-time work or a career change full-time opportunity please do let me know.  We provide training and have a proven system.  Thank you and have an awesome day, Sean Sanchez",INCOMING,INBOX
Molly Siems,"Gary L. Rotkop, Esq.","5/3/17, 3:51 PM",Invite-Only Partner Program,,INCOMING,INBOX
Jeremy Spencer,"Gary L. Rotkop, Esq.","4/27/17, 2:22 PM",,"Thank you for connecting with me Gary,  I really appreciate it.  Jeremy",INCOMING,INBOX
Jeremy Spencer,"Gary L. Rotkop, Esq.","4/27/17, 8:06 AM",,"Good afternoon Gary,  I write to ask if you would be kind enough to accept my invitation and allow us to connect. I am expanding my network with a view to connecting with like-minded professionals, allowing all parties the chance to benefit.	  Regards,  Jeremy ",INCOMING,INBOX
Ryan Deonier,"Gary L. Rotkop, Esq.","4/12/17, 4:43 PM",,"Dear Mr. Rotkop,   Got it. Looking forward to speaking with you next week. I just sent over the calendar invite.   Warm Regards, Ryan",INCOMING,INBOX
Ryan Deonier,"Gary L. Rotkop, Esq.","4/12/17, 4:35 PM",,"Dear Mr. Rotkop,   Sounds perfect. I will send over a calendar invite now. Is (310) 750-1006 the best number to call you on 4/18/17 @ 11am PST?   Warm Regards, Ryan",INCOMING,INBOX
Ryan Deonier,"Gary L. Rotkop, Esq.","4/12/17, 4:28 PM",,"Dear Mr. Rotkop,   When is a good time for you to set up a quick intro call?   Warm Regards, Ryan",INCOMING,INBOX
Ryan Deonier,"Gary L. Rotkop, Esq.","4/12/17, 4:02 PM",,"Good Afternoon!    Does your firm need help getting new clients?  If so, we can provide them to you, guaranteed. We do all the advertising for you, and you only pay for the qualified clients we bring in, after we deliver them. If you are looking for more clients, let's discuss.     Warm Regards, Ryan",INCOMING,INBOX
Mario Marshall,"Gary L. Rotkop, Esq.","4/3/17, 12:04 PM",,,INCOMING,INBOX
Kim Orlov,"Gary L. Rotkop, Esq.","3/7/17, 1:26 PM",,"You are currently part of my network.  I would like to send you my resume, If you are ever in need of my services.  If you could provide an email address I will send it right over as this message will not allow me to attach a document.  I look forward to connecting with you in person and am hopeful that we can a long lasting working relationship.  Thank you for your consideration.  Kim M. Orlov 818-426-3149 kimorlovlaw@yahoo.com",INCOMING,INBOX
Rozeta Avetisyan,"Gary L. Rotkop, Esq.","3/1/17, 4:40 PM",,And sorry for taking  your time ,INCOMING,INBOX
Rozeta Avetisyan,"Gary L. Rotkop, Esq.","3/1/17, 4:21 PM",,Oh thank you very much. ,INCOMING,INBOX
LYNN GUERIN,"Gary L. Rotkop, Esq.","3/1/17, 4:15 PM",John R. Wooden Course Certified Coaching Experience,John R.Wooden Course Certified Coaching Event Invitation,INCOMING,INBOX
Rozeta Avetisyan,"Gary L. Rotkop, Esq.","3/1/17, 3:38 PM",,Thank you very much for  the connection  I have pain management office in Beverly Hills area and if you do personal injury cases I would be more then happy to work with you guys,INCOMING,INBOX
"Elizabeth Wilson, MBE","Gary L. Rotkop, Esq.","2/1/17, 4:20 PM",,"Hi Gary, I look forward to coffee tomorrow in Westwood. I'd be happy to share a connection with you here.  Best, Elizabeth",INCOMING,INBOX
Marianne Mlechick,"Gary L. Rotkop, Esq.","1/25/17, 10:00 AM",," I was wondering if you could refer me to the appropriate person in your organization to talk about adding a personal touch to your phone answering. Partnering with Abby Connect will enable you to have a team of receptionists that feel just like a part of your own company, but at a fraction of the cost. -Marianne ",INCOMING,INBOX
Roman Garagulagian,"Gary L. Rotkop, Esq.","1/24/17, 3:06 PM",,Hello and thank you for the add.  Please allow this massage to introduce myself and my firm. My name is Roman. I'm a college professor and an economic consultant. I specialize in personal injury and employment cases. Please do not hesitate to contact me with any questions. I'd be happy to answer them.  Tel: 818-744-6546   Sincerely  Roman,INCOMING,INBOX
Vaghinak Movsisyan,"Gary L. Rotkop, Esq.","1/15/17, 6:10 PM",,Congrats on your work anniversary!,INCOMING,INBOX
Massiel Rodriguez,"Gary L. Rotkop, Esq.","1/5/17, 2:50 PM",,"Gary-  My name is Massiel Rodriguez, and I am a Relationship Manager at Banc of California. I would love to meet with you in person to earn the right to be your primary contact.  Banc Of California is designed exclusively for clients with sophisticated wealth management needs. As a dedicated Relationship Manager, I offer individual attention to address specific financial concerns and will coordinate a team of experienced specialist to provide a tailor-made banking experience.    Please let me know your availability, so we can schedule a meeting. I look forward to hearing from you.   Best regards,  Massiel",INCOMING,INBOX
Velda Palm,"Gary L. Rotkop, Esq.","1/2/17, 11:09 PM",,Congrats on your work anniversary!,INCOMING,INBOX
"Leonard ( Len ) Simpson, RFC®, AIF®","Gary L. Rotkop, Esq.","1/2/17, 6:52 PM",,Congrats on your work anniversary!,INCOMING,INBOX
David Laulile,"Gary L. Rotkop, Esq.","1/2/17, 5:29 PM",,Congrats on your work anniversary!,INCOMING,INBOX
🇺🇸 James D. Stone 🇺🇸,"Gary L. Rotkop, Esq.","1/2/17, 12:59 PM",,Congrats on your work anniversary!,INCOMING,INBOX
Stan Burman,"Gary L. Rotkop, Esq.","1/1/17, 2:07 PM",,Congrats on the work anniversary!,INCOMING,INBOX
James Citkovic,"Gary L. Rotkop, Esq.","12/13/16, 9:41 AM",,"Hello Gary:  Thanks for accepting my invitation, I appreciate it.   Sorry for the length of this message:), As an attorney, I thought the opportunities below may be helpful for your business if you have a client interested in buying or selling their publishing catalogue and/or Multi-Media Entertainment firm. In any event, I thank you in advance for your time and consideration.  As you may know, my firm brokers Intellectual Properties of Gold and Platinum Recording Artists, I recently closed Jimi Hendrix's Classic “Band of Gypsys” Album; and I also sold A Tribe Called Quest catalogue of 5 LP’s; & last year I sold a Jimi Hendrix/Curtis Knight double LP to SONY, and I’ve sold several other Platinum Artist Catalogues.  Here’s a brief listing of catalogues plus other properties I represent which are currently available for purchase:  MUSIC INDUSTRY: - The longest running, most successful, and largest independent multimedia company of audio copyrights in the world, this UK firm is now offering high-earning properties for acquisition. Includes: 50,000+ Master Recordings by legends (Marvin Gaye, Tina Turner, The Bee Gees, Bing Crosby, Louis Armstrong, Kenny Rodgers, Tanya Tucker, Jerry Lee Lewis, Nat King Cole); Music Publishing of 972 songs; and an entire multimedia enterprise specializing in producing and supplying top quality TV and media gift concepts for sale and licensing;  - The finest private collection of American music in the world is now, for the first time, available to be acquired. This Collection—technically an archive—represents 70 years of collecting, research and scholarship by a Grammy Award-winning producer and industry pioneer, focuses on Blues, Jazz, Gospel, World, Cajun and Country, and includes hundreds of seminal artists (i.e., Robert Johnson, Louis Armstrong, Lead Belly and Jimmie Rogers). It contains physical recordings, test pressings, artist contracts, rare periodicals, books and unreleased material by the likes of Bob Dylan, Memphis Slim, Blind Willie McTell and many others, plus so much more. A large portion of The Collection is rare and can only be found in a handful of other international archives, if at all. Perfect for a museum, university, corporation, or discerning private collector;  - The Largest Pop, Dance, R&B, Country, and Christian Catalogue in the world not own by a Major containing 100 Top 10 & Top 40 Masters & Publishing, many # 1 Hits of house-hold names such as Willie Nelson(LP never released), Natalie Cole, Al Jarreau, Pointer Sisters, Oak Ridge Boys, an early Amy Grant album(never released), etc. Catalogue also includes these & other Platinum Artists singing Christmas songs & videos; plus Ambrosia<(re-record masters) of their biggest Hits, as well as other groups re-records, plus 505 HD Videos of major Artists all in this one massive catalogue;  - Jimmy Cliff Catalogue - 50% of the Music Publishing (100% Administration) is available on two (2) Albums: ""UNLIMITED"" – Warner Bros/Reprise; & ""JIMMY CLIFF - MUSIC MAKER"" – Warner Bros/Reprise. (no “Masters”, just 50% of Publishing & 100% Administration);  - Hall of Fame Artist Public Enemy “Live” Double Album (24 Titles) “Master” >NEVER RELEASED< No royalties due to artist; Merchandise rights associated with promotion of CD included, along with all packaging of Insert trays, liner notes complete for release 1st time available for purchase (very reasonable price);  - Worldwide Music Company with different divisions: Two Record Labels containing Masters & Publishing, also the # 1 Radio Promotion firm in the world, includes Management of Gold & Platinum Artists, Music Videos, Music Video promotion software, Publicists and PR, and multi-platinum Record Producers, Recording, Mixing and Mastering services all in one company available for purchase (earning $300K consistently over several years, owner retiring); and  - UK based Catalogue – 3 Record Labels and Publishing firm with over 670 Titles (Masters & Publishing available) of Hit Dance / House and Electronic artists over 45 successful albums and numerous singles with top 20 positions such as Alvin Davis; ""In A Big Country"" by Big Country / Mr Blank's Electro World; Bliss; Afterlife, plus many other artists, including re-works/remixes and many titles on Vinyl. Has 3-5 yr NPS Earnings history, clean - no debt, Owner controls the master recordings of its copyrights; and many more Catalogues available for purchase.  TV & FILM INDUSTRIES: - A Classic Film Library of over 4,000 titles, including classic movies, TV series episodes, shorts, documentaries, and cartoons. Several thousand Masters both in the PAL and NTSC format, along with 140 film prints of movies and TV series assembled from over the past 30 years.  Also included are over 10,000 Digital Images and Photos of Posters, Lobby Cards, and Publicity Photos for the Films.  One Thousand Dialogue Sheets are included plus a highly searchable Database allows potential buyers to search by title, director, star, genre, year, and more!  This library has been licensed worldwide to TV networks, stations, video companies, etc for over 30 years;   - An Investment opportunity ((=> NOW SHOOTING <=)) on a feature film called Bachelor Lions, a buddy comedy about two guys in their 20s who team up to find their purpose in life.  Along the way they fall in love with the same woman, confront gangsters, Zen masters, and a host of other characters who both guide and misguide our heroes and test their friendship.  The film is being produced by RiverRock Films whose first film, Hit & Run, shot for under $2M has grossed over $40M.  The film stars Emile Hirsch (Into the Wild, Bonnie & Clyde, Lone Survivor, The Girl Next Door, etc.). The projected Foreign Sales are $2.5M, which places the film in profit before domestic theatrical distribution and ancillary revenue streams.  Relativity Media and also Chris Hart of CAA are already committed to Bachelor Lions, both as a feature film and as a TV spin-off, and has 95% of the total financing already in place, and $50k USD remains needed. This project represents a unique investment opportunity, and please know that the investor will be tied into the revenue not only of the film, but have a percentage of the TV project as well; and  - Major TV / Film Production Firm earning $235K per yr (99% instrumentals & 1% vocals) available for purchase – complete ownership/both sides in perpetuity.  ..Plus much more..  If you or your associates are interested in Purchasing or Selling an Earning Publishing catalogue and/or Masters or other properties, please reach out to me at 212-645-3068 or James@CountdownEntertainment.com     Thanks again and I look forward to hearing from you.  Best regards,  James Citkovic CountdownEntertainment.com James@CountdownEntertainment.com @musiccatalogues  COUNTDOWN ENTERTAINMENT - Intellectual Property Brokers of Gold & Platinum Artists  Please consider the environmental impact before printing this e-mail. ",INCOMING,INBOX
Cynthia G.,"Gary L. Rotkop, Esq.","12/12/16, 10:19 PM",NYTimes: Free Law Firm Trial,,INCOMING,INBOX
Paul Richards,"Gary L. Rotkop, Esq.","9/28/16, 7:25 PM",Hello,"         Thanks so much for accepting my invitation to connect here on LinkedIn. I am very interested in meeting up with you for a brief meeting to give me the opportunity to learn a little about your company, share with you what Aflac does, and see if we might be a good fit for one another. Aflac offers very important coverage for your employees, and the best benefit for you is that all of our plans come at no direct costs whatsoever to your company since the employees contribute 100% to our plans on a completely voluntary basis through payroll deduction. I would greatly appreciate your time, so please let me know if  we can set up an appointment for this week or next. Thanks so much. Looking very forward to sitting down with you for about 15 minutes of your time.  Click here to schedule an appointment: calendly.com/paulsrichards42  - Paul Richards Aflac Insurance Company (310) 487-9365",INCOMING,INBOX
Marianne Mlechick,"Gary L. Rotkop, Esq.","9/23/16, 10:52 AM",," Hello Gary I was curious to find out who is answering your calls?   If you have a voicemail system and not a live human then I would like to talk to you about Abby Connect answering your phone lines like a professional receptionist of your company so that you do not miss any opportunities from callers hanging up when they get your voicemail.   Or if you have a receptionist answering your calls, then I would like to discuss how adding Abby Connect as a backup can help with some of the overflow calls or times when your receptionist is just not available to take calls.   Is there a good time to connect?   Thank you!  Marianne Mlechick  Abby Connect (702) 835-6800 | www.AbbyConnect.com ",INCOMING,INBOX
Marianne Mlechick,"Gary L. Rotkop, Esq.","9/13/16, 8:29 AM",," Thanks for Joining My Network Gary! ;) I appreciate it!   Please do not hesitate to reachout to me anytime in regards to any Live Receptionist Services, whether you need a receptionist to answer your calls live because you are missing opportunities from callers that go to voicemail and do not leave a message or you just need a more professional way of WOW'ing your callers and handling your business telephone line, I have you covered!   We can help you convert more lost opportunities, project a better company image and save the time and money it costs to hire, train, motivate, fire, re-hire and re-train an in-house receptionist.   Just to show you our system in action, take a look at our short intro video....  You will not believe what you are seeing!  http://fast.wistia.net/embed/iframe/xtzgjd6a1s ""If your browser does not complete process to video simply copy link and paste in your URL Browser :)""     Like what you saw and would like to see how our world class receptionists can help you??? Checkout our online schedule and pick your own time and date and let us show you how good we really are! https://calendly.com/abbyconnect/30min   Look forward talking to you in the near future!  Once again thanks Gary for allowing me to join your network and you joining mine.   Sincerely,  Marianne Mlechick Abby Connect | www.abbyconnect.com 702-835-6800 Live Receptionist Specialist  ",INCOMING,INBOX
PRO PARALEGAL SUPPORT SERVICES,"Gary L. Rotkop, Esq.","9/9/16, 4:46 PM",,"Mr. Rotkop, We are aware how busy you and your firm are. Congratulations on your accomplishments!  If you would kindly take a moment to check us out. Our company may assist you with tedious assignments and tasks such as reviewing and organizing medical records, deposition summaries, or more. Outsourcing such assignments benefits a large office by making efficient use of their own employees rather than having them work on something so tedious. It also increases revenue and reduces costs. Our website is www.proparalegalss.com. It would be an honor to do business with your office!",INCOMING,INBOX
Dale Johnsen,"Gary L. Rotkop, Esq.","8/14/16, 8:11 PM",Stonehaus Mixer,"Join us at our next Stonehaus Mixer!  An engaging mixer, designed for you to network and make meaningful contacts through memorable conversations with potential partners and clients.  Come meet, mingle and network with other professionals in your area!  Re-connect with your existing clients! Or break the ice with a new client!  Free food and 1st 20 people free glass of wine.  LOCATION: The Stonehaus, 32039 Agoura Rd Westlake Village, CA 91361 DATE: Tuesday, August 16, 2016 TIME: 5:30pm - 6:30pm PST  REGISTER: https://www.eventbrite.com/e/the-stonehaus-edge-up-network-professional-mixer-tickets-26951820621  An event organized by Edge Up Networks  FOR FULL EVENT LIST: www.edgeupnetwork.eventbrite.com",INCOMING,INBOX
Chris Benson,"Gary L. Rotkop, Esq.","7/26/16, 11:13 AM",,"Gary,  I’d like to add you to my professional network on LinkedIn.  - Chris",INCOMING,INBOX
"Leonard ( Len ) Simpson, RFC®, AIF®","Gary L. Rotkop, Esq.","7/26/16, 6:26 AM",,"Hi Gary    I came across your profile here on LinkedIn and thought we could benefit from being connected.    Thanks!    Leonard Simpson  Founder, The California Attorney Leadership Network",INCOMING,INBOX
Samantha Arnesen,"Gary L. Rotkop, Esq.","7/7/16, 10:14 AM",RE: Thanks for connecting!,"Hi Gary,   I wanted to follow up with you one more time because I'd love to tell you more about Trumaker and have the opportunity to earn your business. When would be a good time for a quick call?  Samantha Lead Outfitter & Stylist 310-359-2429",INCOMING,INBOX
Samantha Arnesen,"Gary L. Rotkop, Esq.","6/30/16, 3:18 PM",RE: Thanks for connecting!,"Hey Gary, just wanted to follow up on my last message - are you free for a quick call sometime today or tomorrow?  Samantha 310-359-2429",INCOMING,INBOX
Samantha Arnesen,"Gary L. Rotkop, Esq.","6/29/16, 11:28 AM",Thanks for connecting!,"Good morning Gary,   We haven't met yet but I wanted to reach out to connect for a brief call to tell you about Trumaker. I am confident I will add some value.   My cell is 310-359-2429. I'd appreciate a chance to earn your business. Please let me know your cell contact and I'll reach out via text for a super short call.  I look forward to speaking soon!  Warm regards,  Samantha",INCOMING,INBOX
Marianne Mlechick,"Gary L. Rotkop, Esq.","6/22/16, 7:55 PM",,"Gary,  I was wondering if you would be interested in connecting with me on LinkedIn?   I believe a person is only as strong as their network and I would love to have you as a connection.  Sincerely,  Marianne Mlechick  Abby Connect | www.abbyconnect.com  (702) 835-6800  Live Receptionist Service Specialist",INCOMING,INBOX
Dale Johnsen,"Gary L. Rotkop, Esq.","6/11/16, 10:54 AM",Hi Gary,"Would you like a second opinion on your firm's small group health insurance plan? Do you want to upgrade to a larger network of providers, or change your renewal month to a more convenient time of year?     I'm happy to answer your questions! ... pdf flyer: http://bit.ly/1sKJwyV     Dale Johnsen, Johnsen Insurance Solutions   818-620-8171 - Westlake Village   http://dalejohnsen.myhomehq.biz/reviews    P.S. I work with individual plans and Medicare options as well.                          Clear - Honest - Patient. Always.",INCOMING,INBOX
Dale Johnsen,"Gary L. Rotkop, Esq.","5/23/16, 7:45 PM",Hi Gary,"Are you wanting to start up, or change up, a small group health insurance plan for your firm? If you're tired of the ""mini-network"" individual plans, consider upgrading to a group plan with a huge network. All you need is 1+ non-spouse employee to get a group set up! It can start any month.   I'm happy to answer your questions... pdf flyer:  http://bit.ly/1sKJwyV    Dale Johnsen, Johnsen Insurance Solutions 818-620-8171 - Westlake Village",INCOMING,INBOX
Shane Sullivan,"Gary L. Rotkop, Esq.","3/28/16, 5:05 PM",Thanks Gary,"Thanks for connecting with me Gary. I see you have your own law practice.  I help principals of law firms get exclusive leads. I am now offering a ""Pay Per Leads"" plan. It provides more flexibility versus a monthly online advertising campaign.   If this interest you, I'd be happy to explain how it works.    Cheers,  Shane",INCOMING,INBOX
Viktoriya Kernes MBA,"Gary L. Rotkop, Esq.","3/5/16, 1:18 AM","Gary, I've recommended you","Hi Gary,  I wrote this recommendation of your work that you can include on your profile.  Thanks,  Viktoriya  http://www.linkedin.com/recs/received  ""&quot;Incredibly knowledgeable and business savvy&quot; is the best way to describe Gary!    I have known and done business with Gary for over 7 years. He added tremendous value when I started my first business and negotiated commercial contracts. Furthermore, his work continued to pay dividends long after it was done! I recommend Gary without reservations and know that he would be an asset to any business! """,INCOMING,INBOX
🇺🇸 James D. Stone 🇺🇸,"Gary L. Rotkop, Esq.","1/28/16, 10:34 PM",,Congrats on the anniversary! Hope you're doing well.,INCOMING,INBOX
"Eugenia ""Jenny"" Chentsova, Esq.","Gary L. Rotkop, Esq.","1/28/16, 11:13 AM",,Congrats on the anniversary! Hope you're doing well.,INCOMING,INBOX
SMR II,"Gary L. Rotkop, Esq.","1/28/16, 2:28 AM",,Congrats on the anniversary! Hope you're doing well.,INCOMING,INBOX
Vadim Peskov,"Gary L. Rotkop, Esq.","1/28/16, 12:56 AM",,Congrats on the anniversary! Hope you're doing well.,INCOMING,INBOX
"Aaron Grate, Realtor®","Gary L. Rotkop, Esq.","1/27/16, 12:07 PM",,Congrats on the anniversary! Hope you're doing well.,INCOMING,INBOX
"Ricky Biel, CRPC®","Gary L. Rotkop, Esq.","12/2/15, 7:11 AM","Ricky Biel, CRPC® invites you to join Affluent Professional Networking Group on LinkedIn",I would like to invite you to join my group on LinkedIn.   -Ricky,INCOMING,INBOX
"Bijan Kohanzad, EA, CFE","Gary L. Rotkop, Esq.,Galorah Keshavarz,Garine Babian, MA, Esq.,Gary Goodstein,Gary Small,Gary Garrett,Gary Saenger,Gabriel Gabbaypour,Gelareh Fassazadeh,George Aldrich,George K. Dulgeryan, JD, LLM,Gerald Kane,Gerard A. Fierro,Gerard V. Kassabian, JD, LL.M,Gillian Lippert,Gina Petrella,Gina Binder,Gina Kim,Glenn Freeman,Glenn Gottlieb,Goli Kamran,Gordon Vasquez,Greg Offsay, CCIM","9/30/15, 4:22 PM",,"My name is Bijan Kohanzad, EA, CFE. I am an Enrolled Agent to practice before the IRS (EA) and a Certified Fraud Examiner (CFE). I have been practicing Taxation and Representation since 1985. My primarily focus is in assisting Individuals, Corporations and LLCs of small to mid-size in the Professional, Construction, Food, Wholesale& Retail and most other industries, with any IRS, State Board of Equalization, Franchise Tax Board and Employment Development Department tax issues and problems. If you have been audited by any of these taxing agencies or have any kind of issues, I am here to help you. In addition to these services we offer wide variety of other Accounting, Bookkeeping and Payroll Services. Please visit our website at www.onts9.com or call me directly at (877) 305-1040",INCOMING,INBOX
John Nicholson,"Gary L. Rotkop, Esq.","9/24/15, 8:56 PM",Follow-up Thank You,"Good evening Gary,  Thank you for the connection.  I am a general practitioner in Woodland Hills for the Los Angeles-Ventura counties.  If I can be of any assistance to you or your clients please email or call my office, (818) 348-3806.  I am also a candidate for Los Angeles County Superior Court Commissioner.  Have a great evening,  John",INCOMING,INBOX
Olga Kormochi,"Gary L. Rotkop, Esq.","9/21/15, 1:14 PM",Hi Gary,"Thanks for connecting with me.    I use LinkedIn for building relationships, networking, and referring business to clients. I would like to know more about you. I do a lot of networking and refer many people. Tell me who your targeted clients and/or referral partners are and I will see if I can create an introduction.    I would be glad to help your clients in any questions or issues they might have with Income or Employment taxes.    By the way has LinkedIn generated any new business for you?      Regards,  Olga Kormochi ",INCOMING,INBOX
Dale Johnsen,"Gary L. Rotkop, Esq.","9/15/15, 4:34 PM",Hi Gary,"Thank you for connecting with me.     I use LinkedIn for building relationships, networking and refer many people. I enjoy helping people grow their businesses by connecting people.    Tell me who your targeted clients and/or referral partners are and I will see if I can create an introduction.    By the way, has LinkedIn generated any new business for you?    Best regards,  Dale Johnsen ",INCOMING,INBOX
Kristi LeFaivre,"Gary L. Rotkop, Esq.","9/10/15, 8:19 AM",Great Job Opportunity!!!,"Fellow Southwestern Alumni,    I graduated from Southwestern in 1998 and practiced law in Baltimore, Maryland for 16 years.  I am now an Attorney Search Director with Parker + Lynch Legal.  My client, a top AmLaw firm with an office in the San Francisco Bay area, is looking for a Conflicts Attorney.  The candidate must have been practicing law for at least 3 years.  This is a perfect opportunity for someone looking to work at a prestigious firm, have predictable hours and get involved with the business side of practicing law.  The firm offers an amazing compensation package for this position!  Please contact me ASAP if you would like more details or if you know anyone who might be interested.    Thanks!    Kristi",INCOMING,INBOX
Earl Bentancourt,"Gary L. Rotkop, Esq.","6/4/15, 11:56 AM",Hi Gary,"Thank you for connecting with me.     I use LinkedIn for building relationships, networking and refer many people. I enjoy helping people grow their businesses by connecting people.    Tell me who your targeted clients and/or referral partners are and I will see if I can create an introduction.    By the way, has LinkedIn generated any new business for you?    Best regards,  Earl Bentancourt ",INCOMING,INBOX
Tony Faver,"Gary L. Rotkop, Esq.","4/29/15, 2:18 PM",RE: Hi Gary,"Hey Gary, lets talk.  On 4/23/15, 12:51 PM, Gary Rotkop wrote: 	  -------------------- Tony: I don't really care to be google 1st page for some obscure search term. I'm more interested in actual leads. Do you work with attorneys on a pay-per lead arrangement? Please advise. Thanks.  On 2/21/15, 3:21 PM, Tony Faver wrote: 	  -------------------- Hi Gary, How are you? I would you like to email you my information and our packages. My online marketing agency Web Marketing USA consists of an elite team that manages search engine optimization and social media marketing campaigns and develop websites, software & apps. We charge as low as $250 per month to put your website on Google's 1st page, $500 per month to manage your social media so we are very efficient and yet affordable.  I’d like to speak to you to see how we can work together. What's the best email address and phone number and the best time to get a hold of you? Have a great weekend!   All the Best,  Tony",INCOMING,INBOX
Tony Faver,"Gary L. Rotkop, Esq.","2/21/15, 3:21 PM",Hi Gary,"Hi Gary, How are you? I would you like to email you my information and our packages. My online marketing agency Web Marketing USA consists of an elite team that manages search engine optimization and social media marketing campaigns and develop websites, software & apps. We charge as low as $250 per month to put your website on Google's 1st page, $500 per month to manage your social media so we are very efficient and yet affordable.  I’d like to speak to you to see how we can work together. What's the best email address and phone number and the best time to get a hold of you? Have a great weekend!   All the Best,  Tony",INCOMING,INBOX
Alan Altschul,"Gary L. Rotkop, Esq.","1/15/15, 10:31 AM",Hi Gary,"Thank you for connecting with me.     I am reaching out to you to say hello and learn more about you.    I have looked at your profile and would like to know more about you and your professional background.    I do a lot of networking and referring business. Are you open to a phone call or cup of coffee?    Once again thanks for the connection. I hope to hear from you soon.    By the way, how is LinkedIn working for you in helping you grow your business?        Best regards,  Alan Altschul ",INCOMING,INBOX
Kelley School,"Gary L. Rotkop, Esq.","12/2/14, 8:00 PM",Need to accelerate your career trajectory?,Chart your own path to success with our top ranked full-time MBA program,INCOMING,INBOX
Lauren Peterson,"Gary L. Rotkop, Esq.","8/28/14, 8:13 AM",Private Message From Lauren Waters.,"Hi Gary !    I saw your profile on LinkedIn and just knew we had to connect!     I own Modern Receptionist, a high tech, high touch receptionist and scheduling service company.     Would my services be any benefit to you and your company?     If so, I would love to offer you a week FREE trial of our services. The value of this is typically $100-$500, but I thought that if you take advantage of it, we might do a lot of future business together =)     To get started, all you have to do is respond back with a ""yes please"" or a ""no thanks"", and we'll go from there!     Looking forward to getting to know you better!     Regards,     Lauren Waters   Co Founder Modern Receptionist   855-758-9990   www.ModernReceptionist.com",INCOMING,INBOX
Lori Thornberry,"Gary L. Rotkop, Esq.","7/26/14, 12:19 AM",Hi Gary,"Thank you for accepting my connection.  I use LinkedIn for building relationships, networking and referring of business. Read your profile. Are you interested in a talk on the phone or a cup of coffee?  By the way, have you been able to turn LinkedIn connections into business?  Regards, Lori",INCOMING,INBOX
Jason Edmond,"Gary L. Rotkop, Esq.","7/18/14, 1:52 PM",Hi Gary,"Thank you for accepting my connection.  I use LinkedIn for building relationships, networking and referring of business. Read your profile. Are you interested in a talk on the phone or a cup of coffee?  By the way, have you been able to turn LinkedIn connections into business?  Regards, Jason",INCOMING,INBOX
Wendy Kase,"Gary L. Rotkop, Esq.","7/3/14, 2:59 PM",Hi Gary,"Thank you for connecting with me.   I am relatively new to LA and am starting a new real estate business. I am finding my clients are often young professional couples, just starting to build their wealth, or investors from Hong Kong. All of them have needs for financial planning, of some sort. Since I am often their first point of contact in LA, I find myself in the position of being asked for referrals for professionals of every type, from handymen to immigration attorneys and money managers. My usual practice is to offer at least three professionals with every request. I'd like to be able to provide a good network for my clients.  In order to strengthen my network, I like to learn a bit about the people I am connected to. Let me know the best way to set up a meeting. We could have coffee, perhaps? I work at the DGA, on West Sunset Blvd. Where are you based?  Best regards, Wendy",INCOMING,INBOX
MARK W GREENBERG,"Gary L. Rotkop, Esq.","7/2/14, 12:58 PM",Hi Gary,"Thank you for accepting my connection.	  I use LinkedIn for building relationships, networking and referring of business. Read your profile. Are you interested in a talk on the phone or a cup of coffee?  By the way, have you been able to turn LinkedIn connections into business?  Regards, Mark",INCOMING,INBOX
Michael Maloney,"Gary L. Rotkop, Esq.","6/26/14, 1:14 PM",Hi Gary,"Thank you for accepting my connection.	  I use LinkedIn for building relationships, networking and referring of business. Read your profile. Are you interested in a talk on the phone or a cup of coffee?  By the way, have you been able to turn LinkedIn connections into business?  Regards, Michael",INCOMING,INBOX
ANETTE FASSIOMS,"Gary L. Rotkop, Esq.","6/19/14, 12:46 PM",Thanks,"Dear Gary,  Thanks for accepting my request. Have a great day.   Just let me know if you are looking to outsource your legal work at lower cost.   Thanks,  Anette  Sent from LinkedIn for Android http://lnkd.in/android",INCOMING,INBOX
Jason Howard,"Gary L. Rotkop, Esq.","6/17/14, 1:53 PM",Edge Up Network Unique Networking Event,"You are invited to attend a unique networking event   June 25, 2014  at   Rush Street Bar   9546 W. Washington Blvd. in   Culver City from 6:00pm - 8:00pm    Hosted Beer/Wine & hors d'oeuvres     Event will be capped at 50 attendees.     Part I: 6:00-7:00 We will break up into groups of 10 with each profession being represented only once and have a speed networking session, in an organized manner with “get to know each other"" icebreakers.    Part II: 7:15-8:00 45 minute Linkedin training session learning how to establish your professional on-line presence, leading to additional revenue streams and growing your database.    R.S.V.P. by June 23, 2014    For more information contact  Jason Howard or Kim Finestone  310.922.4029    310.770.3892  howardjasonk@gmail.com   kimfinestone@gmail.com  Couvert $25    Register early.  There is limited seating available.  On-line event registration on EventBrite:    http://www.eventbrite.com/e/edge-up-network-unique-networking-event-tickets-11924108329?aff=es2&rank=1",INCOMING,INBOX
Samson Abebe,"Gary L. Rotkop, Esq.","4/7/14, 9:38 AM","Full Time permanent ""Contracts Attorney"" opening for our Marquee MSP client in Torrance, CA","Dear Gary,    You have an excellent background for an Exec Search I am doing for a ""Full-Time"" permanent Onsite Technology Contracts Attorney for our company Zero Chaos on behalf of our Marquee Client Toyota ($230B+ giant)   **Excellent base plus benefits  **19001 S Western Avenue, Torrance, CA **Zero Chaos is on site providing contracts mgmt services   Zero Chaos is a $3B+ global HR company (full gamut)  **Located in 17+ countries (provides services in 100+ countries)  **We manage over 330+ clients **We have had 41+ straight quarter earnings  **Tons of industry awards recognized for our innovation, technology& leadership **Successfully completed 5 significant acquisitions since 2006  The Contracts Attorney provides support to the IS department managers to procure IT/IS products and services including desktops, laptops, servers, network and telecommunications hardware, software, and related services (development and consulting services).  Responsibilities include lead procurement project & reviewing, drafting, negotiating, analyzing, supporting and/or delivering various contractual documents such as; Master Services agreements, Software Licenses, SaaS agreements, Statements of Work, End User License Agreements, NDAs and various other business agreements. (You are expected to drive your workload to completion)  For immediate consideration,  **please send me a ""WORD"" resume ""especially"" if your LI profile is not detailed enough. Once I receive, I will call you .  Thanks  Samson Abebe  O: 770-308-7111 or C:678-761-2922  sabebe@zerochaos.com",INCOMING,INBOX
Joseph Rozman,"Gary L. Rotkop, Esq.","3/20/14, 6:59 PM",Hey Gary,"Hi buddy, great meeting you at that purim wine party. Feel free to reach out anytime.",INCOMING,INBOX
Dr. Brigitte  Rozenberg,"Gary L. Rotkop, Esq.","3/20/14, 2:52 PM",Hi Gary,"I appreciate you connecting with me.    I would like to know more about you. I also do a lot of networking and referring business. How about yourself? How about setting up a talk on the phone or, possibly a cup of coffee?    By the way, is LinkedIn bringing you any business?    I hope to hear from you soon.    Regards,  Brigitte",INCOMING,INBOX
Tony Faver,"Gary L. Rotkop, Esq.","2/17/14, 7:01 PM",Happy Presidents Day,How are you Gary? Happy President’s Day.  How have you been? What have you been working on? Fortunately we are connected and I am reaching out to you to introduce my new website I just redesigned so we can work together for a mutual benefit.  Please check it out @ www.inhousestrategy.com I would like to have one of my Sr Marketing Consultants send you an email with our packages and pricing and then follow up with you so you understand why we are different from other digital marketing agencies. Please tell me the best email address and phone number where we can contact you.  Tony Faver Founder & CEO In House Strategy,INCOMING,INBOX
OPEN Forum,"Gary L. Rotkop, Esq.","12/13/13, 5:23 PM",Your invitation to join OPEN Forum®.,Discuss and share knowledge with other entrepreneurs at OPEN Forum.,INCOMING,INBOX
Samson Abebe,"Gary L. Rotkop, Esq.","10/14/13, 6:59 PM","Full Time permanent IT/IS ""Contracts Specialist” for a Major MSP client in (Torrance, CA)","Dear Gary,    You have an excellent  background for an Exec Search I am doing for a Full-Time  Onsite IT/IS “Contracts” Specialist for our company Zero Chaos (a $2.5B+ global HR company on behalf of Toyota in Torrance, CA.  Due to an extreme growth, I am looking a FT candidate who has had direct experience in reviewing, drafting, negotiating, analyzing, supporting and/or delivering various contract documents. (negotiating the procurement of Information Technology (IT) & Information Systems (IS) products & services)  •We need candidate to effectively negotiate Software License Agreements, Master Service Agreements, Statements of Work, Data Handling Agreements, Nondisclosure/Confidentiality Agreements, Reseller Agreements, Purchase Agreements, and Application Service Provider/SaaS  Great base, and benefits   For immediate consideration, please send me a ""WORD"" resume. O: 770-308-7111 or C:678-761-2922 sabebe@zerochaos.com  Thanks Samson Abebe",INCOMING,INBOX
Jeffrey Sparks,"Gary L. Rotkop, Esq.","7/11/13, 11:17 AM",work,hope you are doing well,INCOMING,INBOX
ALM Events,"Gary L. Rotkop, Esq.","4/1/13, 12:39 PM",ALM Events invites you to join LEGALTECH on LinkedIn,I would like to invite you to join my group on LinkedIn.   -ALM,INCOMING,INBOX
CBU Graduate,"Gary L. Rotkop, Esq.","10/31/12, 10:25 AM",Free seminar: How to solve the criminal mind,60-minute seminar introducing you to careers in criminal profiling and forensic psychology,INCOMING,INBOX
Lev Rotkop,"Gary L. Rotkop, Esq.","10/23/12, 10:34 AM",.,Gotta change your current employer  Sent from LinkedIn for iPad,INCOMING,INBOX
Samuel Katz Esq.,"Gary L. Rotkop, Esq.","5/22/12, 5:06 PM",Re: RE: In house Corporate Counsel at USA TV!,"Same here! Looking in the mirror is always delightful! Lol. Jokes. It was great seeing you too man.  I'm down for another beach day whenever. Hopefully, by then, the Minney mouse looking sunburn across my back looks more like Mickey! Haha Keep up the good work. You should really be proud of yourself, Mr. Esquire!!  -------------------- It was great seeing you Sam. You should come out and hang with us more often. Also, if the beach is ...",INCOMING,INBOX
Samuel Katz Esq.,"Gary L. Rotkop, Esq.","5/22/12, 2:53 PM",In house Corporate Counsel at USA TV!,Gary Rotkop the professional. What a stud!!!! (and no I'm not hitting on you like one of those trannies lmao).,INCOMING,INBOX
Suren Weerasuriya,"Gary L. Rotkop, Esq.","4/27/12, 7:52 AM",Congratulations on your new position!,"Hi Gary, I saw you're now In-house Corporate Counsel at USA TV and wanted to say congratulations!  --Suren",INCOMING,INBOX
"Gary L. Rotkop, Esq.","Andrew Beaupre, MBA  Outsourced CFO","6/16/18, 4:50 PM",,,OUTGOING,SENT
"Gary L. Rotkop, Esq.","Ernesto Maldonado, MBA","6/12/18, 4:46 PM",,"Hi Ernesto. I take on small business buy/sell work fairly frequently, especially in the Healthcare field (doctor's office, home health, hospice, pharmacy, etc.) If there is a need for an attorney to review, draft, negotiate buy/sell or purchase agreements, I would much appreciate the referral.",OUTGOING,SENT
"Gary L. Rotkop, Esq.","Christina Lael, CPA, JD","6/6/18, 3:58 PM",,,OUTGOING,SENT
"Gary L. Rotkop, Esq.","Jan Shegda, MA, PCC","3/28/18, 1:22 PM",,Thanks. It was a pleasure to meet with you as well. I definitely keep you in mind for my clients that can use some business/personal guidance,OUTGOING,SENT
"Gary L. Rotkop, Esq.",Brian Lauter,"3/24/18, 7:27 PM",,I'd like to set up a coffee meeting. Email me and we will get something calendered grotkop@rotkoplaw.com,OUTGOING,SENT
"Gary L. Rotkop, Esq.",Brian Lauter,"3/24/18, 7:26 PM",,"Hi Brian,",OUTGOING,SENT
"Gary L. Rotkop, Esq.",Brian Lauter,"3/24/18, 7:18 PM",,,OUTGOING,SENT
"Gary L. Rotkop, Esq.",Bryan Flores,"3/8/18, 6:01 PM",,"Great to hear it. I am leaving BNI, actually. Financially, it was rewarding though.",OUTGOING,SENT
"Gary L. Rotkop, Esq.",Bryan Flores,"3/5/18, 2:44 PM",,I have been alright. Got a baby on the way with the wife. Very excited! BNI has worked out alright.,OUTGOING,SENT
"Gary L. Rotkop, Esq.",Bryan Flores,"3/5/18, 2:42 PM",,Hi Bryan,OUTGOING,SENT
"Gary L. Rotkop, Esq.",Emily Serebryany,"2/9/18, 1:49 PM",,,OUTGOING,SENT
"Gary L. Rotkop, Esq.","Ernesto Maldonado, MBA","2/9/18, 10:10 AM",,,OUTGOING,SENT
"Gary L. Rotkop, Esq.",Melissa Wang,"1/15/18, 3:52 PM",,,OUTGOING,SENT
"Gary L. Rotkop, Esq.",Anastasia Makowski,"12/13/17, 4:49 PM",,"If you need in invite, talk to Ben David or let me know and I'll put you in touch with him.",OUTGOING,SENT
"Gary L. Rotkop, Esq.",Anastasia Makowski,"12/13/17, 12:47 PM",,"How did you like the Rotary event last night?  FYI, Their lunches are really great!",OUTGOING,SENT
"Gary L. Rotkop, Esq.",Debra LaCoppola,"11/29/17, 12:06 PM",,"Debra, Happy birthday! I wish you much success, health, and happiness. Hope to see you soon!",OUTGOING,SENT
"Gary L. Rotkop, Esq.",Brooke Lefton,"11/9/17, 3:23 PM",,What can I do for you?,OUTGOING,SENT
"Gary L. Rotkop, Esq.",Brooke Lefton,"11/9/17, 3:23 PM",,This week has been kind of tight.,OUTGOING,SENT
"Gary L. Rotkop, Esq.",Brooke Lefton,"11/9/17, 3:23 PM",,"Hi Brooke,",OUTGOING,SENT
"Gary L. Rotkop, Esq.",Jeremiah Goldberg,"11/7/17, 11:27 AM",,,OUTGOING,SENT
"Gary L. Rotkop, Esq.",Effie Stern,"10/26/17, 3:27 PM",,,OUTGOING,SENT
"Gary L. Rotkop, Esq.",Andrey Knyazik,"10/9/17, 2:49 PM",,Will do,OUTGOING,SENT
"Gary L. Rotkop, Esq.",Max Perzon,"10/9/17, 2:47 PM",,,OUTGOING,SENT
"Gary L. Rotkop, Esq.",Andrey Knyazik,"10/8/17, 12:56 AM",,Congrats on the new job!,OUTGOING,SENT
"Gary L. Rotkop, Esq.",Irene Shpolyansky,"9/21/17, 12:57 PM",,"Hi Irene, sorry for my comments last night, way over-the-top. Lots of love to you and Marat both. We will see you soon.",OUTGOING,SENT
"Gary L. Rotkop, Esq.",Irene Shpolyansky,"9/20/17, 4:41 PM",,Congrats on the promotion!,OUTGOING,SENT
"Gary L. Rotkop, Esq.",Ksenya G. Kogan,"9/19/17, 10:45 AM",,Congrats on your work anniversary!,OUTGOING,SENT
"Gary L. Rotkop, Esq.",Kat Pascual,"9/18/17, 1:25 PM",,"please do let me know how it turns out, i fthat is ok. Good Luck!",OUTGOING,SENT
"Gary L. Rotkop, Esq.",Kat Pascual,"9/18/17, 1:24 PM",,Also: Ksenya Kogan 323-854-0300; Koganesq@gmail.com in Beverly Hills,OUTGOING,SENT
"Gary L. Rotkop, Esq.",Kat Pascual,"9/18/17, 1:21 PM",,"Also,",OUTGOING,SENT
"Gary L. Rotkop, Esq.",Kat Pascual,"9/18/17, 12:55 PM",,"Sure do,Ilana Schauer, Esq. | 818.478.1043 | 818.478.1047 (fax) | ilana@kpsclaw.com Kermisch & Paletz LLP | 12711 Ventura, Blvd. Ste. 200 | Studio City, CA 91604",OUTGOING,SENT
"Gary L. Rotkop, Esq.",Michael N. Cohen,"9/9/17, 5:13 PM",,"Hi Michael, I am a business attorney with the BH Chamber. I saw that you are an IP attorney and wanted to connect. Would you like to grab coffee and talk shop sometime? Let me know.",OUTGOING,SENT
"Gary L. Rotkop, Esq.",Bree Jacoby,"9/9/17, 2:58 PM",,"Hey Bree, it was great to see you again last Friday. Let me know if you want to chat about cross referrals: grotkop@rotkoplaw.com. Have a nice weekend. Cheers—",OUTGOING,SENT
"Gary L. Rotkop, Esq.",Debra LaCoppola,"9/8/17, 1:45 PM",,It was a pleasure to chat with you about this. Please give me a call so that we can further discuss or come by my office to discuss your legal needs in a more discrete setting. You can schedule a meeting by clicking here: https://calendly.com/grotkop/30min or call my office at 310-750-1006.,OUTGOING,SENT
"Gary L. Rotkop, Esq.",Debra LaCoppola,"9/7/17, 8:42 PM",,"Are you looking to hire an attorney to prepare a business contract for you? If so, please call our office to set up an initial consultation. There is no fee for potential clients but please understand that attorneys do not provide free legal advice.",OUTGOING,SENT
"Gary L. Rotkop, Esq.",Debra LaCoppola,"9/7/17, 8:40 PM",,Thanks,OUTGOING,SENT
"Gary L. Rotkop, Esq.","Peter Garcia, MBA","9/7/17, 3:58 PM",,,OUTGOING,SENT
"Gary L. Rotkop, Esq.",Debra LaCoppola,"8/31/17, 2:22 PM",,"I recently created a new website and I am not looking to update at this time. I am not ready to schedule a meeting just yet. However, I will consider you for filming of short clips as we discussed at a later time.  I will keep your record on file.",OUTGOING,SENT
"Gary L. Rotkop, Esq.",Debra LaCoppola,"8/31/17, 2:18 PM",,"Thanks for your message Debra,",OUTGOING,SENT
"Gary L. Rotkop, Esq.","David Gharakhanian, Jr.","8/24/17, 5:09 PM",,You are on!,OUTGOING,SENT
"Gary L. Rotkop, Esq.","David Gharakhanian, Jr.","8/22/17, 4:28 PM",,"Perfect! How about September 19, right after the BNI meeting?",OUTGOING,SENT
"Gary L. Rotkop, Esq.","David Gharakhanian, Jr.","8/22/17, 4:01 PM",,I hear you. Really. Perhaps we should 1 to 1  to discuss how we can collaborate sometime?,OUTGOING,SENT
"Gary L. Rotkop, Esq.","David Gharakhanian, Jr.","8/22/17, 3:55 PM",,The way you asked the question definitely reframes this.\,OUTGOING,SENT
"Gary L. Rotkop, Esq.","David Gharakhanian, Jr.","8/22/17, 3:54 PM",,I normally refer out disputes likely to go to litigation so that my clients don't have to pay me and later hire another firm to go through their file again.,OUTGOING,SENT
"Gary L. Rotkop, Esq.","David Gharakhanian, Jr.","8/22/17, 3:53 PM",,Thanks for the idea. This is something I should revisit.,OUTGOING,SENT
"Gary L. Rotkop, Esq.","David Gharakhanian, Jr.","8/22/17, 3:44 PM",,"Great presentation today, David. Suave!",OUTGOING,SENT
"Gary L. Rotkop, Esq.",Rachel S. Lee,"8/14/17, 3:25 PM",,,OUTGOING,SENT
"Gary L. Rotkop, Esq.",Marko Malherbe,"8/11/17, 11:33 AM",,,OUTGOING,SENT
"Gary L. Rotkop, Esq.",Polina Kohan,"6/28/17, 8:47 PM",,"Hi Polina, congrats on the new job!",OUTGOING,SENT
"Gary L. Rotkop, Esq.",Tevis Rybin,"6/28/17, 8:46 PM",,Congrats on your work anniversary!,OUTGOING,SENT
"Gary L. Rotkop, Esq.",Victoria Pindrik,"6/20/17, 3:34 PM",,Congrats on the new job!,OUTGOING,SENT
"Gary L. Rotkop, Esq.",Brittney Ford,"6/8/17, 9:00 PM",,The cost would depend on the complexity of the contract and the negotiation. Attorneys charge hourly for this type of work. Please feel free to contact me when you are ready to retain counsel and we can further discuss terms.,OUTGOING,SENT
"Gary L. Rotkop, Esq.","Elizabeth Wilson, MBE","6/6/17, 5:26 PM",,Likewise. Thank you for reaching out. I have had much more success in networking groups that are more structured. I like BNI and the Beverly Hills Chamber of commerce is very promising.,OUTGOING,SENT
"Gary L. Rotkop, Esq.",Brittney Ford,"6/1/17, 10:58 AM",,"Thank you for explaining.  I suggest contacting a business litigation attorney. My firm drafts/negotiates business contracts, handles corporate matters and other transactional documents. If you have limited funds, consider calling a pro bono/free legal services center.",OUTGOING,SENT
"Gary L. Rotkop, Esq.",Brittney Ford,"5/31/17, 2:02 PM",,"To make the best use of your resources, can you describe specifically what you would like to discuss?",OUTGOING,SENT
"Gary L. Rotkop, Esq.",Ivan Suslov,"5/3/17, 4:10 PM",,Happy birthday Vanya!,OUTGOING,SENT
"Gary L. Rotkop, Esq.",Jeremy Spencer,"4/27/17, 2:18 PM",,,OUTGOING,SENT
"Gary L. Rotkop, Esq.",Ryan Deonier,"4/12/17, 4:38 PM",,"call me at 424-369-5149. Thanks,",OUTGOING,SENT
"Gary L. Rotkop, Esq.",Ryan Deonier,"4/12/17, 4:31 PM",,How about Tuesday the 18th at 11am?,OUTGOING,SENT
"Gary L. Rotkop, Esq.",Ryan Deonier,"4/12/17, 4:26 PM",,That sounds interesting. Let's set up a call to discuss. Email me at grotkop@rotkoplaw.com,OUTGOING,SENT
"Gary L. Rotkop, Esq.",Ryan Deonier,"4/12/17, 4:24 PM",,,OUTGOING,SENT
"Gary L. Rotkop, Esq.",Mario Marshall,"4/3/17, 12:04 PM",,"Hi Mario,  It was great to see you at the UCLA Masters meet. ",OUTGOING,SENT
"Gary L. Rotkop, Esq.",Keith Fletcher,"3/22/17, 12:02 PM",,"I hope this message finds you well. Congrats on your work anniversary, Keith!",OUTGOING,SENT
"Gary L. Rotkop, Esq.",Ksenya G. Kogan,"3/22/17, 12:02 PM",,"Congrats on the new job, Ksenya!",OUTGOING,SENT
"Gary L. Rotkop, Esq.",David T. Chapman,"3/22/17, 12:01 PM",,Congrats on your anniversary! 5 years being your own boss. Great!,OUTGOING,SENT
"Gary L. Rotkop, Esq.",Rozeta Avetisyan,"3/1/17, 4:19 PM",,"Thank you for your offer. We do not take on personal injury clients. Still, referrals are much appreciated. I am a corporate and contracts attorney. My firm drafts, reviews, and negotiates business contracts and takes care of corporate formalities. Let me know how we can be of service.",OUTGOING,SENT
"Gary L. Rotkop, Esq.","Elizabeth Wilson, MBE","2/6/17, 12:31 PM",,,OUTGOING,SENT
"Gary L. Rotkop, Esq.",Marianne Mlechick,"9/12/16, 5:35 PM",,,OUTGOING,SENT
"Gary L. Rotkop, Esq.","Leonard ( Len ) Simpson, RFC®, AIF®","9/9/16, 4:04 PM",,,OUTGOING,SENT
"Gary L. Rotkop, Esq.",Chris Benson,"9/9/16, 4:04 PM",,,OUTGOING,SENT
"Gary L. Rotkop, Esq.","Julia D'yachenko,Lev Rotkop,Vadim Gorokhovsky,yakov shpolyansky,Marat Shpolyansky","6/17/16, 2:27 PM",,"We created a new LinkedIn Company page for the Law Office of Gary L. Rotkop, a P.C. Come and take a look and follow us.",OUTGOING,SENT
"Gary L. Rotkop, Esq.",Samson Abebe,"5/6/15, 2:13 PM","RE: Full Time permanent ""Contracts Attorney"" opening for our Marquee MSP client in Torrance, CA","Are you still looking for an attorney, if so I recommend you take a look at my website www.rotkoplaw.com    On 4/7/14 4:38 PM, Samson A. wrote: 	   --------------------  Dear Gary,    You have an excellent background for an Exec Search I am doing for a ""Full-Time"" permanent Onsite Technology Contracts Attorney for our company Zero Chaos on behalf of our Marquee Client Toyota ($230B+ giant)     **Excellent base plus benefits   **19001 S Western Avenue, Torrance, CA  **Zero Chaos is on site providing contracts mgmt services     Zero Chaos is a $3B+ global HR company (full gamut)   **Located in 17+ countries (provides services in 100+ countries)   **We manage over 330+ clients  **We have had 41+ straight quarter earnings   **Tons of industry awards recognized for our innovation, technology& leadership  **Successfully completed 5 significant acquisitions since 2006    The Contracts Attorney provides support to the IS department managers to procure IT/IS products and services including desktops, laptops, servers, network and telecommunications hardware, software, and related services (development and consulting services).    Responsibilities include lead procurement project & reviewing, drafting, negotiating, analyzing, supporting and/or delivering various contractual documents such as; Master Services agreements, Software Licenses, SaaS agreements, Statements of Work, End User License Agreements, NDAs and various other business agreements. (You are expected to drive your workload to completion)    For immediate consideration,   **please send me a ""WORD"" resume ""especially"" if your LI profile is not detailed enough. Once I receive, I will call you  .   Thanks   Samson Abebe   O: 770-308-7111 or C:678-761-2922   sabebe@zerochaos.com",OUTGOING,SENT
"Gary L. Rotkop, Esq.",Michael Avanesian,"4/30/15, 5:47 PM","Michael, I've recommended you","Hi Michael,  I wrote this recommendation of your work that you can include on your profile.  Thanks,  Gary  ""Michael is brilliant, hard working, and fair.""",OUTGOING,SENT
"Gary L. Rotkop, Esq.",Tony Faver,"4/23/15, 12:51 PM",RE: Hi Gary,"Tony: I don't really care to be google 1st page for some obscure search term. I'm more interested in actual leads. Do you work with attorneys on a pay-per lead arrangement? Please advise. Thanks.  On 2/21/15, 3:21 PM, Tony Faver wrote: 	  -------------------- Hi Gary, How are you? I would you like to email you my information and our packages. My online marketing agency Web Marketing USA consists of an elite team that manages search engine optimization and social media marketing campaigns and develop websites, software & apps. We charge as low as $250 per month to put your website on Google's 1st page, $500 per month to manage your social media so we are very efficient and yet affordable.  I’d like to speak to you to see how we can work together. What's the best email address and phone number and the best time to get a hold of you? Have a great weekend!   All the Best,  Tony",OUTGOING,SENT
"Gary L. Rotkop, Esq.",Alan Altschul,"4/23/15, 12:48 PM",RE: Hi Gary,"Alan: Can you tell me a bit more about your networking and referrals? What type of referrals are you looking for? Thanks.  On 1/15/15, 10:31 AM, Alan Altschul wrote: 	  -------------------- Thank you for connecting with me.   I am reaching out to you to say hello and learn more about you.  I have looked at your profile and would like to know more about you and your professional background.  I do a lot of networking and referring business. Are you open to a phone call or cup of coffee?  Once again thanks for the connection. I hope to hear from you soon.  By the way, how is LinkedIn working for you in helping you grow your business?      Best regards, Alan Altschul ",OUTGOING,SENT
"Gary L. Rotkop, Esq.",Alan Altschul,"4/23/15, 12:46 PM",RE: Hi Gary,"    On 1/15/15, 10:31 AM, Alan Altschul wrote: 	   --------------------  Thank you for connecting with me.     I am reaching out to you to say hello and learn more about you.    I have looked at your profile and would like to know more about you and your professional background.    I do a lot of networking and referring business. Are you open to a phone call or cup of coffee?    Once again thanks for the connection. I hope to hear from you soon.    By the way, how is LinkedIn working for you in helping you grow your business?        Best regards,  Alan Altschul ",OUTGOING,SENT
"Gary L. Rotkop, Esq.",Sevag Simonian,"4/23/15, 12:44 PM","Sevag, I've recommended you","Hi Sevag,  I wrote this recommendation of your work that you can include on your profile.  Thanks,  Gary  ""Sevag is bright, professional, and effective.""",OUTGOING,SENT
"Gary L. Rotkop, Esq.",Donovan Montierth,"4/23/15, 12:39 PM","Donovan, I've recommended you","Hi Donovan,  I wrote this recommendation of your work that you can include on your profile.  Thanks,  Gary  ""Donovan is a bright, hard-working, and insightful. He is a pleasure to work with.""",OUTGOING,SENT
"Gary L. Rotkop, Esq.",CARL KNAPP,"10/31/13, 10:40 AM",question for you,"Hi Carl, It has been a while. I have my own practice now and Julia and I got engaged. How have you been?  Got a question for you. Can you recommend someone to do an asset search in California. Please let me know. Thanks.",OUTGOING,SENT
"Gary L. Rotkop, Esq.",Jeffrey Sparks,"7/11/13, 4:07 PM",RE: work,"Hi Jeff,  Thanks for dropping a line. I'm doing alright. Like you said last time I met with you, it takes a few years to figure this shit out.  Currently, I am looking for more stable work than the foreclosure defense firm, concentrating search on the Health Care law field.  I hope you are well.  Cheers!  On 07/11/13 11:17 AM, Jeffrey Sparks wrote: -------------------- hope you are doing well",OUTGOING,SENT
"Gary L. Rotkop, Esq.",Lev Rotkop,"10/23/12, 3:15 PM",RE: .,"Will do after 3 months of employment, one month to go.    On 10/23/12 10:34 AM, Lev Rotkop wrote:  --------------------  Gotta change your current employer    Sent from LinkedIn for iPad",OUTGOING,SENT
"Gary L. Rotkop, Esq.",Samuel Katz Esq.,"5/22/12, 3:33 PM",RE: In house Corporate Counsel at USA TV!,"It was great seeing you Sam. You should come out and hang with us more often. Also, if the beach is still around on the weekend, we should all go.     I'd never confuse you for a tranny ;)    On 05/22/12 2:53 PM, Sam Katz wrote:  --------------------  Gary Rotkop the professional. What a stud!!!! (and no I'm not hitting on you like one of those trannies lmao).",OUTGOING,SENT
"Gary L. Rotkop, Esq.",Suren Weerasuriya,"4/27/12, 11:49 AM",RE: Congratulations on your new position!,"Hello Suren,  Good to hear from you, thank you. I noticed you are gainfully employed as well, congrats! Hope all is well with you.      On 04/27/12 7:52 AM, Suren Weerasuriya wrote:  --------------------  Hi Gary,  I saw you're now In-house Corporate Counsel at USA TV and wanted to say congratulations!    --Suren",OUTGOING,SENT
"Gary L. Rotkop, Esq.",Anna Tsibel Moreas,"12/24/11, 11:45 AM",Happy holidays,"Dear Anya,  Julia and I wish you a happy Hannukah, Merry Christmas, and fantastic holidays.  -Gera      On December 23, 2011 12:07 AM,  Anna Tsibel wrote:  --------------------  I'd like to add you to my professional network.    - Anna  Tsibel",OUTGOING,SENT
"Gary L. Rotkop, Esq.",LinkedIn Member ,"5/26/09, 11:43 AM",RE: Join my network on LinkedIn,"George,  Glad to hear from you. Hope all is well.  -Gera",OUTGOING,SENT
"Gary L. Rotkop, Esq.",Kirill Nech,"10/14/08, 4:35 AM",kak delishki,"hey Kirill,  saw State Street stock shoot up today, thought of my old friend. How have you been these days? email me sometime, I'd like to meet up next time you're in town. We have much to catch up on.    On 1/9/08 11:13 AM, Kirill Nech wrote:  --------------------  It's coming... but slowly, you know how that goes.  so where are you working now?  we need to catch up a lot this weekend.    On 1/9/08 11:08 AM, Gary Rotkop wrote:  --------------------  Sergei from SB showed me a little while back. it has a lot of potential. hows the job search coming?    On 1/9/08 10:41 AM, Kirill Nech wrote:  --------------------  как дела братан? i'm glad to see that more people are joining this facebook for adults.  how did you hear about it?",OUTGOING,SENT
"Gary L. Rotkop, Esq.",Kirill Nech,"1/9/08, 3:08 AM",RE: what's up!,"Sergei from SB showed me a little while back. it has a lot of potential. hows the job search coming?    On 1/9/08 10:41 AM, Kirill Nech wrote:  --------------------  как дела братан? i'm glad to see that more people are joining this facebook for adults.  how did you hear about it?",OUTGOING,SENT
Kirill Nech,"Gary L. Rotkop, Esq.","10/28/08, 2:14 PM",RE: kak delishki,"Hey man, I'm sorry it took me this long to respond.  I hardly go on this thing.  The truth is that I work like 12 hours a day, and it's rediculous.  But at least I have a job in this climate... who knows how long that will last before everyone at State Street gets laid off too.  So far, we are actually growing in business because of all the risk in the markets.  How are you?  Are you still looking for permanent employment?  I think this weekend I should be in the valley, and we should definitely hit up some sushi :)    It sucks that you missed Slyot this time... I think that's the first time I went and you didn't.  It was a good time, but it would have been better to see you there.  Let me know if you are free this Saturday.    - Kirill    On 10/14/08 11:35 AM, Gary Rotkop wrote:  --------------------  hey Kirill,  saw State Street stock shoot up today, thought of my old friend. How have you been these days? email me sometime, I'd like to meet up next time you're in town. We have much to catch up on.    On 1/9/08 11:13 AM, Kirill Nech wrote:  --------------------  It's coming... but slowly, you know how that goes.  so where are you working now?  we need to catch up a lot this weekend.    On 1/9/08 11:08 AM, Gary Rotkop wrote:  --------------------  Sergei from SB showed me a little while back. it has a lot of potential. hows the job search coming?    On 1/9/08 10:41 AM, Kirill Nech wrote:  --------------------  как дела братан? i'm glad to see that more people are joining this facebook for adults.  how did you hear about it?",INCOMING,ARCHIVED
Esther Duterte,"Gary L. Rotkop, Esq.","5/22/08, 2:41 AM",Hitachi Consulting,"We are currently seeking individuals with experience as a Business Analyst for our growing Southern California Offices.     The Business Analyst will play a key role in:   • Delivery and providing consulting services to clients  • Perform research, analysis, documentation, facilitation, and problem solving and delivering assigned tasks within scope   • Interfacing with client’s personnel   • Contributing to internal initiatives and activities.    This position will entail local travel only.     Do you know anyone that would be interested?     I would like to network with you?     I look forward to speaking with you.    Regards,    Esther Duterte",INCOMING,ARCHIVED
