Company Name,Title,Description,Location,Started On,Finished On
"Law Office of Gary L. Rotkop, a P.C.",President,"Our Law Firm: We opened the Law Office of Gary L. Rotkop in 2011 with the goal of bringing valuable legal services to the Beverly Hills small business community. Gary Rotkop prioritizes communication by strictly limiting the number of clients at one time and using cutting edge technology to run a lean business with impeccable turn-around time.  Competitive Advantage: Our clients compliment us for our quality services. We embrace new technology to create the most responsive client experience at competitive pricing. By using state-of-the-art technology we are able to minimize administrative costs and delays.   Background: Originally from Odessa, Ukraine, Gary Rotkop has been a Los Angeles resident for over 20 years. He received a B.A. in Economics with an emphasis on Business from UCLA and a Juris Doctorate degree from Southwestern Law School.  Experience: Prior to forming the Law Office of Gary L. Rotkop, Mr. Rotkop spent more than a decade working with pharmacies, hospices, and other healthcare services providers. Mr. Rotkop also practiced corporate law as General Counsel and sat on the board of directors for USArmenia TV network.   Speaking Engagements: Outside the office, Mr. Rotkop teaches seminars on entity formation, healthcare, and commercial contracts.  Volunteering: Mr. Rotkop provides pro-bono services for low income clients as part of the legal clinic at the Los Angeles LGBT center.  Community Leadership: Mr. Rotkop currently serves as the Vice President of Business Advantage, a Beverly Hills Chapter of BNI and FLAIR committee member of the Beverly Hills Chamber of Commerce.  Outdoors: Gary Rotkop represents organizations that advocate for sustainable development. An avid outdoorsman and athlete, Gary Rotkop enjoys camping, hiking, and competitive swimming. Mr. Rotkop is a member of the UCLA Masters swim club in Westwood.  Areas of Practice: Business Law, Contracts, Healthcare, Mergers and Acquisitions, Corporate.","433 North Camden Drive., 6th Floor, Beverly Hills, California 90210",Dec 2011,
"USATV, LLC",In-House Counsel,"As Chief Legal Counsel of the most viewed Armenian language television network in the US, Gary Rotkop:  •	established a newly formed in-house legal department, including procedures for content production, copyright protection, copyright enforcement, and maintenance of corporate formalities;  •	led negotiations for broadcast, licensing, production, and other high-profile contracts;  •	supervised legal guidance for production and copyright enforcement efforts;  •	advised company executives on deal structures, advertising, digital rights and new media, chain-of-title, program licensing and exploitation, financing, co-production, international distribution, participations, guild issues, FCC and other regulatory matters. ","18751 Ventura Blvd, Tarzana, CA 91356",Jan 2011,Dec 2011
California Office of Attorney General,Graduate Student Intern,,,Jun 2010,Jul 2010
Oppenheimer & Co. Inc.,Intern Assistant to Chief Exective Advisor,,,May 2006,Jun 2006
